Workbook

Sheet Disponibilidad
T1: % Disponibilidad
G2: Últimos 12 Meses | T2: =((COUNTIF(TblDisponibilidad[Estado],"NORMO STOCK"))+(COUNTIF(TblDisponibilidad[Estado],"SOBRE STOCK")))/(((COUNTIF(TblDisponibilidad[Estado],"<>solid"))-(COUNTIF(TblDisponibilidad[Estado],"=No Rota"))-(COUNTBLANK(TblDisponibilidad[Estado])))) -> #DIV/0!
A3: Código | B3: Descripción | C3: Concentración | D3: Presentación | E3: Forma Farmacéutica | F3: Tipo | G3: ago-21 | H3: sep-21 | I3: oct-21 | J3: nov-21 | K3: dic-21 | L3: ene-22 | M3: feb-22 | N3: mar-22 | O3: abr-22 | P3: may-22 | Q3: jun-22 | R3: jul-22 | S3: CPMA | T3: Stock | U3: Meses rotación | V3: Meses abastecidos | W3: Estado | X3: PNUMEN MEDICAMENTOS | Y3: PNUMEN MATERIAL MEDICO | Z3: ESTRATEGIA MEDICAMENTOS | AA3: ESTRATEGIA MATERIAL MEDICO

Sheet Disp SIS
R1: % para SIS | S1: =(COUNTIF(Tabla1[Estado],"no rota")+COUNTIF(Tabla1[Estado],"NORMO STOCK")+COUNTIF(Tabla1[Estado],"SOBRE STOCK"))/(COUNTIF(Tabla1[Estado],"<>solid")-COUNTBLANK(Tabla1[Estado])-COUNTIF(Tabla1[Estado],"no incluido")) -> 0
A2: SISMED | B2: PRODUCTO | C2: ago-21 | D2: sep-21 | E2: oct-21 | F2: nov-21 | G2: dic-21 | H2: ene-22 | I2: feb-22 | J2: mar-22 | K2: abr-22 | L2: may-22 | M2: jun-22 | N2: jul-22 | O2: CPMA SIS | P2: Meses Rotacion | Q2: Stock | R2: Meses Abastecidos | S2: Estado
A3: 00091 | B3: =IFERROR(VLOOKUP(Tabla1[[#This Row],[SISMED]],TblDisponibilidad[],2,FALSE), "") | C3: =IFERROR(VLOOKUP(Tabla1[[#This Row],[SISMED]],TblDisponibilidad[],7,FALSE), 0) -> 0 | D3: =IFERROR(VLOOKUP(Tabla1[[#This Row],[SISMED]],TblDisponibilidad[],8,FALSE), 0) -> 0 | E3: =IFERROR(VLOOKUP(Tabla1[[#This Row],[SISMED]],TblDisponibilidad[],9,FALSE), 0) -> 0 | F3: =IFERROR(VLOOKUP(Tabla1[[#This Row],[SISMED]],TblDisponibilidad[],10,FALSE), 0) -> 0 | G3: =IFERROR(VLOOKUP(Tabla1[[#This Row],[SISMED]],TblDisponibilidad[],11,FALSE), 0) -> 0 | H3: =IFERROR(VLOOKUP(Tabla1[[#This Row],[SISMED]],TblDisponibilidad[],12,FALSE), 0) -> 0 | I3: =IFERROR(VLOOKUP(Tabla1[[#This Row],[SISMED]],TblDisponibilidad[],13,FALSE), 0) -> 0 | J3: =IFERROR(VLOOKUP(Tabla1[[#This Row],[SISMED]],TblDisponibilidad[],14,FALSE), 0) -> 0 | K3: =IFERROR(VLOOKUP(Tabla1[[#This Row],[SISMED]],TblDisponibilidad[],15,FALSE), 0) -> 0 | L3: =IFERROR(VLOOKUP(Tabla1[[#This Row],[SISMED]],TblDisponibilidad[],16,FALSE), 0) -> 0 | M3: =IFERROR(VLOOKUP(Tabla1[[#This Row],[SISMED]],TblDisponibilidad[],17,FALSE), 0) -> 0 | N3: =IFERROR(VLOOKUP(Tabla1[[#This Row],[SISMED]],TblDisponibilidad[],18,FALSE), 0) -> 0 | O3: =IFERROR(VLOOKUP(Tabla1[[#This Row],[SISMED]],TblDisponibilidad[],19,FALSE), 0) -> 0 | P3: =IFERROR(VLOOKUP(Tabla1[[#This Row],[SISMED]],TblDisponibilidad[],20,FALSE), 0) -> 0 | Q3: =IFERROR(VLOOKUP(Tabla1[[#This Row],[SISMED]],TblDisponibilidad[],21,FALSE), 0) -> 0 | R3: =IFERROR(VLOOKUP(Tabla1[[#This Row],[SISMED]],TblDisponibilidad[],22,FALSE), 0) -> 0 | S3: =IFERROR(VLOOKUP(Tabla1[[#This Row],[SISMED]],TblDisponibilidad[],23,FALSE), 0) -> 0
A4: 00095 | B4: =IFERROR(VLOOKUP(Tabla1[[#This Row],[SISMED]],TblDisponibilidad[],2,FALSE), "") | C4: =IFERROR(VLOOKUP(Tabla1[[#This Row],[SISMED]],TblDisponibilidad[],7,FALSE), 0) -> 0 | D4: =IFERROR(VLOOKUP(Tabla1[[#This Row],[SISMED]],TblDisponibilidad[],8,FALSE), 0) -> 0 | E4: =IFERROR(VLOOKUP(Tabla1[[#This Row],[SISMED]],TblDisponibilidad[],9,FALSE), 0) -> 0 | F4: =IFERROR(VLOOKUP(Tabla1[[#This Row],[SISMED]],TblDisponibilidad[],10,FALSE), 0) -> 0 | G4: =IFERROR(VLOOKUP(Tabla1[[#This Row],[SISMED]],TblDisponibilidad[],11,FALSE), 0) -> 0 | H4: =IFERROR(VLOOKUP(Tabla1[[#This Row],[SISMED]],TblDisponibilidad[],12,FALSE), 0) -> 0 | I4: =IFERROR(VLOOKUP(Tabla1[[#This Row],[SISMED]],TblDisponibilidad[],13,FALSE), 0) -> 0 | J4: =IFERROR(VLOOKUP(Tabla1[[#This Row],[SISMED]],TblDisponibilidad[],14,FALSE), 0) -> 0 | K4: =IFERROR(VLOOKUP(Tabla1[[#This Row],[SISMED]],TblDisponibilidad[],15,FALSE), 0) -> 0 | L4: =IFERROR(VLOOKUP(Tabla1[[#This Row],[SISMED]],TblDisponibilidad[],16,FALSE), 0) -> 0 | M4: =IFERROR(VLOOKUP(Tabla1[[#This Row],[SISMED]],TblDisponibilidad[],17,FALSE), 0) -> 0 | N4: =IFERROR(VLOOKUP(Tabla1[[#This Row],[SISMED]],TblDisponibilidad[],18,FALSE), 0) -> 0 | O4: =IFERROR(VLOOKUP(Tabla1[[#This Row],[SISMED]],TblDisponibilidad[],19,FALSE), 0) -> 0 | P4: =IFERROR(VLOOKUP(Tabla1[[#This Row],[SISMED]],TblDisponibilidad[],20,FALSE), 0) -> 0 | Q4: =IFERROR(VLOOKUP(Tabla1[[#This Row],[SISMED]],TblDisponibilidad[],21,FALSE), 0) -> 0 | R4: =IFERROR(VLOOKUP(Tabla1[[#This Row],[SISMED]],TblDisponibilidad[],22,FALSE), 0) -> 0 | S4: =IFERROR(VLOOKUP(Tabla1[[#This Row],[SISMED]],TblDisponibilidad[],23,FALSE), 0) -> 0
A5: 00111 | B5: =IFERROR(VLOOKUP(Tabla1[[#This Row],[SISMED]],TblDisponibilidad[],2,FALSE), "") | C5: =IFERROR(VLOOKUP(Tabla1[[#This Row],[SISMED]],TblDisponibilidad[],7,FALSE), 0) -> 0 | D5: =IFERROR(VLOOKUP(Tabla1[[#This Row],[SISMED]],TblDisponibilidad[],8,FALSE), 0) -> 0 | E5: =IFERROR(VLOOKUP(Tabla1[[#This Row],[SISMED]],TblDisponibilidad[],9,FALSE), 0) -> 0 | F5: =IFERROR(VLOOKUP(Tabla1[[#This Row],[SISMED]],TblDisponibilidad[],10,FALSE), 0) -> 0 | G5: =IFERROR(VLOOKUP(Tabla1[[#This Row],[SISMED]],TblDisponibilidad[],11,FALSE), 0) -> 0 | H5: =IFERROR(VLOOKUP(Tabla1[[#This Row],[SISMED]],TblDisponibilidad[],12,FALSE), 0) -> 0 | I5: =IFERROR(VLOOKUP(Tabla1[[#This Row],[SISMED]],TblDisponibilidad[],13,FALSE), 0) -> 0 | J5: =IFERROR(VLOOKUP(Tabla1[[#This Row],[SISMED]],TblDisponibilidad[],14,FALSE), 0) -> 0 | K5: =IFERROR(VLOOKUP(Tabla1[[#This Row],[SISMED]],TblDisponibilidad[],15,FALSE), 0) -> 0 | L5: =IFERROR(VLOOKUP(Tabla1[[#This Row],[SISMED]],TblDisponibilidad[],16,FALSE), 0) -> 0 | M5: =IFERROR(VLOOKUP(Tabla1[[#This Row],[SISMED]],TblDisponibilidad[],17,FALSE), 0) -> 0 | N5: =IFERROR(VLOOKUP(Tabla1[[#This Row],[SISMED]],TblDisponibilidad[],18,FALSE), 0) -> 0 | O5: =IFERROR(VLOOKUP(Tabla1[[#This Row],[SISMED]],TblDisponibilidad[],19,FALSE), 0) -> 0 | P5: =IFERROR(VLOOKUP(Tabla1[[#This Row],[SISMED]],TblDisponibilidad[],20,FALSE), 0) -> 0 | Q5: =IFERROR(VLOOKUP(Tabla1[[#This Row],[SISMED]],TblDisponibilidad[],21,FALSE), 0) -> 0 | R5: =IFERROR(VLOOKUP(Tabla1[[#This Row],[SISMED]],TblDisponibilidad[],22,FALSE), 0) -> 0 | S5: =IFERROR(VLOOKUP(Tabla1[[#This Row],[SISMED]],TblDisponibilidad[],23,FALSE), 0) -> 0
A6: 00132 | B6: =IFERROR(VLOOKUP(Tabla1[[#This Row],[SISMED]],TblDisponibilidad[],2,FALSE), "") | C6: =IFERROR(VLOOKUP(Tabla1[[#This Row],[SISMED]],TblDisponibilidad[],7,FALSE), 0) -> 0 | D6: =IFERROR(VLOOKUP(Tabla1[[#This Row],[SISMED]],TblDisponibilidad[],8,FALSE), 0) -> 0 | E6: =IFERROR(VLOOKUP(Tabla1[[#This Row],[SISMED]],TblDisponibilidad[],9,FALSE), 0) -> 0 | F6: =IFERROR(VLOOKUP(Tabla1[[#This Row],[SISMED]],TblDisponibilidad[],10,FALSE), 0) -> 0 | G6: =IFERROR(VLOOKUP(Tabla1[[#This Row],[SISMED]],TblDisponibilidad[],11,FALSE), 0) -> 0 | H6: =IFERROR(VLOOKUP(Tabla1[[#This Row],[SISMED]],TblDisponibilidad[],12,FALSE), 0) -> 0 | I6: =IFERROR(VLOOKUP(Tabla1[[#This Row],[SISMED]],TblDisponibilidad[],13,FALSE), 0) -> 0 | J6: =IFERROR(VLOOKUP(Tabla1[[#This Row],[SISMED]],TblDisponibilidad[],14,FALSE), 0) -> 0 | K6: =IFERROR(VLOOKUP(Tabla1[[#This Row],[SISMED]],TblDisponibilidad[],15,FALSE), 0) -> 0 | L6: =IFERROR(VLOOKUP(Tabla1[[#This Row],[SISMED]],TblDisponibilidad[],16,FALSE), 0) -> 0 | M6: =IFERROR(VLOOKUP(Tabla1[[#This Row],[SISMED]],TblDisponibilidad[],17,FALSE), 0) -> 0 | N6: =IFERROR(VLOOKUP(Tabla1[[#This Row],[SISMED]],TblDisponibilidad[],18,FALSE), 0) -> 0 | O6: =IFERROR(VLOOKUP(Tabla1[[#This Row],[SISMED]],TblDisponibilidad[],19,FALSE), 0) -> 0 | P6: =IFERROR(VLOOKUP(Tabla1[[#This Row],[SISMED]],TblDisponibilidad[],20,FALSE), 0) -> 0 | Q6: =IFERROR(VLOOKUP(Tabla1[[#This Row],[SISMED]],TblDisponibilidad[],21,FALSE), 0) -> 0 | R6: =IFERROR(VLOOKUP(Tabla1[[#This Row],[SISMED]],TblDisponibilidad[],22,FALSE), 0) -> 0 | S6: =IFERROR(VLOOKUP(Tabla1[[#This Row],[SISMED]],TblDisponibilidad[],23,FALSE), 0) -> 0
A7: 00143 | B7: =IFERROR(VLOOKUP(Tabla1[[#This Row],[SISMED]],TblDisponibilidad[],2,FALSE), "") | C7: =IFERROR(VLOOKUP(Tabla1[[#This Row],[SISMED]],TblDisponibilidad[],7,FALSE), 0) -> 0 | D7: =IFERROR(VLOOKUP(Tabla1[[#This Row],[SISMED]],TblDisponibilidad[],8,FALSE), 0) -> 0 | E7: =IFERROR(VLOOKUP(Tabla1[[#This Row],[SISMED]],TblDisponibilidad[],9,FALSE), 0) -> 0 | F7: =IFERROR(VLOOKUP(Tabla1[[#This Row],[SISMED]],TblDisponibilidad[],10,FALSE), 0) -> 0 | G7: =IFERROR(VLOOKUP(Tabla1[[#This Row],[SISMED]],TblDisponibilidad[],11,FALSE), 0) -> 0 | H7: =IFERROR(VLOOKUP(Tabla1[[#This Row],[SISMED]],TblDisponibilidad[],12,FALSE), 0) -> 0 | I7: =IFERROR(VLOOKUP(Tabla1[[#This Row],[SISMED]],TblDisponibilidad[],13,FALSE), 0) -> 0 | J7: =IFERROR(VLOOKUP(Tabla1[[#This Row],[SISMED]],TblDisponibilidad[],14,FALSE), 0) -> 0 | K7: =IFERROR(VLOOKUP(Tabla1[[#This Row],[SISMED]],TblDisponibilidad[],15,FALSE), 0) -> 0 | L7: =IFERROR(VLOOKUP(Tabla1[[#This Row],[SISMED]],TblDisponibilidad[],16,FALSE), 0) -> 0 | M7: =IFERROR(VLOOKUP(Tabla1[[#This Row],[SISMED]],TblDisponibilidad[],17,FALSE), 0) -> 0 | N7: =IFERROR(VLOOKUP(Tabla1[[#This Row],[SISMED]],TblDisponibilidad[],18,FALSE), 0) -> 0 | O7: =IFERROR(VLOOKUP(Tabla1[[#This Row],[SISMED]],TblDisponibilidad[],19,FALSE), 0) -> 0 | P7: =IFERROR(VLOOKUP(Tabla1[[#This Row],[SISMED]],TblDisponibilidad[],20,FALSE), 0) -> 0 | Q7: =IFERROR(VLOOKUP(Tabla1[[#This Row],[SISMED]],TblDisponibilidad[],21,FALSE), 0) -> 0 | R7: =IFERROR(VLOOKUP(Tabla1[[#This Row],[SISMED]],TblDisponibilidad[],22,FALSE), 0) -> 0 | S7: =IFERROR(VLOOKUP(Tabla1[[#This Row],[SISMED]],TblDisponibilidad[],23,FALSE), 0) -> 0
A8: 00200 | B8: =IFERROR(VLOOKUP(Tabla1[[#This Row],[SISMED]],TblDisponibilidad[],2,FALSE), "") | C8: =IFERROR(VLOOKUP(Tabla1[[#This Row],[SISMED]],TblDisponibilidad[],7,FALSE), 0) -> 0 | D8: =IFERROR(VLOOKUP(Tabla1[[#This Row],[SISMED]],TblDisponibilidad[],8,FALSE), 0) -> 0 | E8: =IFERROR(VLOOKUP(Tabla1[[#This Row],[SISMED]],TblDisponibilidad[],9,FALSE), 0) -> 0 | F8: =IFERROR(VLOOKUP(Tabla1[[#This Row],[SISMED]],TblDisponibilidad[],10,FALSE), 0) -> 0 | G8: =IFERROR(VLOOKUP(Tabla1[[#This Row],[SISMED]],TblDisponibilidad[],11,FALSE), 0) -> 0 | H8: =IFERROR(VLOOKUP(Tabla1[[#This Row],[SISMED]],TblDisponibilidad[],12,FALSE), 0) -> 0 | I8: =IFERROR(VLOOKUP(Tabla1[[#This Row],[SISMED]],TblDisponibilidad[],13,FALSE), 0) -> 0 | J8: =IFERROR(VLOOKUP(Tabla1[[#This Row],[SISMED]],TblDisponibilidad[],14,FALSE), 0) -> 0 | K8: =IFERROR(VLOOKUP(Tabla1[[#This Row],[SISMED]],TblDisponibilidad[],15,FALSE), 0) -> 0 | L8: =IFERROR(VLOOKUP(Tabla1[[#This Row],[SISMED]],TblDisponibilidad[],16,FALSE), 0) -> 0 | M8: =IFERROR(VLOOKUP(Tabla1[[#This Row],[SISMED]],TblDisponibilidad[],17,FALSE), 0) -> 0 | N8: =IFERROR(VLOOKUP(Tabla1[[#This Row],[SISMED]],TblDisponibilidad[],18,FALSE), 0) -> 0 | O8: =IFERROR(VLOOKUP(Tabla1[[#This Row],[SISMED]],TblDisponibilidad[],19,FALSE), 0) -> 0 | P8: =IFERROR(VLOOKUP(Tabla1[[#This Row],[SISMED]],TblDisponibilidad[],20,FALSE), 0) -> 0 | Q8: =IFERROR(VLOOKUP(Tabla1[[#This Row],[SISMED]],TblDisponibilidad[],21,FALSE), 0) -> 0 | R8: =IFERROR(VLOOKUP(Tabla1[[#This Row],[SISMED]],TblDisponibilidad[],22,FALSE), 0) -> 0 | S8: =IFERROR(VLOOKUP(Tabla1[[#This Row],[SISMED]],TblDisponibilidad[],23,FALSE), 0) -> 0
A9: 00223 | B9: =IFERROR(VLOOKUP(Tabla1[[#This Row],[SISMED]],TblDisponibilidad[],2,FALSE), "") | C9: =IFERROR(VLOOKUP(Tabla1[[#This Row],[SISMED]],TblDisponibilidad[],7,FALSE), 0) -> 0 | D9: =IFERROR(VLOOKUP(Tabla1[[#This Row],[SISMED]],TblDisponibilidad[],8,FALSE), 0) -> 0 | E9: =IFERROR(VLOOKUP(Tabla1[[#This Row],[SISMED]],TblDisponibilidad[],9,FALSE), 0) -> 0 | F9: =IFERROR(VLOOKUP(Tabla1[[#This Row],[SISMED]],TblDisponibilidad[],10,FALSE), 0) -> 0 | G9: =IFERROR(VLOOKUP(Tabla1[[#This Row],[SISMED]],TblDisponibilidad[],11,FALSE), 0) -> 0 | H9: =IFERROR(VLOOKUP(Tabla1[[#This Row],[SISMED]],TblDisponibilidad[],12,FALSE), 0) -> 0 | I9: =IFERROR(VLOOKUP(Tabla1[[#This Row],[SISMED]],TblDisponibilidad[],13,FALSE), 0) -> 0 | J9: =IFERROR(VLOOKUP(Tabla1[[#This Row],[SISMED]],TblDisponibilidad[],14,FALSE), 0) -> 0 | K9: =IFERROR(VLOOKUP(Tabla1[[#This Row],[SISMED]],TblDisponibilidad[],15,FALSE), 0) -> 0 | L9: =IFERROR(VLOOKUP(Tabla1[[#This Row],[SISMED]],TblDisponibilidad[],16,FALSE), 0) -> 0 | M9: =IFERROR(VLOOKUP(Tabla1[[#This Row],[SISMED]],TblDisponibilidad[],17,FALSE), 0) -> 0 | N9: =IFERROR(VLOOKUP(Tabla1[[#This Row],[SISMED]],TblDisponibilidad[],18,FALSE), 0) -> 0 | O9: =IFERROR(VLOOKUP(Tabla1[[#This Row],[SISMED]],TblDisponibilidad[],19,FALSE), 0) -> 0 | P9: =IFERROR(VLOOKUP(Tabla1[[#This Row],[SISMED]],TblDisponibilidad[],20,FALSE), 0) -> 0 | Q9: =IFERROR(VLOOKUP(Tabla1[[#This Row],[SISMED]],TblDisponibilidad[],21,FALSE), 0) -> 0 | R9: =IFERROR(VLOOKUP(Tabla1[[#This Row],[SISMED]],TblDisponibilidad[],22,FALSE), 0) -> 0 | S9: =IFERROR(VLOOKUP(Tabla1[[#This Row],[SISMED]],TblDisponibilidad[],23,FALSE), 0) -> 0
A10: 00225 | B10: =IFERROR(VLOOKUP(Tabla1[[#This Row],[SISMED]],TblDisponibilidad[],2,FALSE), "") | C10: =IFERROR(VLOOKUP(Tabla1[[#This Row],[SISMED]],TblDisponibilidad[],7,FALSE), 0) -> 0 | D10: =IFERROR(VLOOKUP(Tabla1[[#This Row],[SISMED]],TblDisponibilidad[],8,FALSE), 0) -> 0 | E10: =IFERROR(VLOOKUP(Tabla1[[#This Row],[SISMED]],TblDisponibilidad[],9,FALSE), 0) -> 0 | F10: =IFERROR(VLOOKUP(Tabla1[[#This Row],[SISMED]],TblDisponibilidad[],10,FALSE), 0) -> 0 | G10: =IFERROR(VLOOKUP(Tabla1[[#This Row],[SISMED]],TblDisponibilidad[],11,FALSE), 0) -> 0 | H10: =IFERROR(VLOOKUP(Tabla1[[#This Row],[SISMED]],TblDisponibilidad[],12,FALSE), 0) -> 0 | I10: =IFERROR(VLOOKUP(Tabla1[[#This Row],[SISMED]],TblDisponibilidad[],13,FALSE), 0) -> 0 | J10: =IFERROR(VLOOKUP(Tabla1[[#This Row],[SISMED]],TblDisponibilidad[],14,FALSE), 0) -> 0 | K10: =IFERROR(VLOOKUP(Tabla1[[#This Row],[SISMED]],TblDisponibilidad[],15,FALSE), 0) -> 0 | L10: =IFERROR(VLOOKUP(Tabla1[[#This Row],[SISMED]],TblDisponibilidad[],16,FALSE), 0) -> 0 | M10: =IFERROR(VLOOKUP(Tabla1[[#This Row],[SISMED]],TblDisponibilidad[],17,FALSE), 0) -> 0 | N10: =IFERROR(VLOOKUP(Tabla1[[#This Row],[SISMED]],TblDisponibilidad[],18,FALSE), 0) -> 0 | O10: =IFERROR(VLOOKUP(Tabla1[[#This Row],[SISMED]],TblDisponibilidad[],19,FALSE), 0) -> 0 | P10: =IFERROR(VLOOKUP(Tabla1[[#This Row],[SISMED]],TblDisponibilidad[],20,FALSE), 0) -> 0 | Q10: =IFERROR(VLOOKUP(Tabla1[[#This Row],[SISMED]],TblDisponibilidad[],21,FALSE), 0) -> 0 | R10: =IFERROR(VLOOKUP(Tabla1[[#This Row],[SISMED]],TblDisponibilidad[],22,FALSE), 0) -> 0 | S10: =IFERROR(VLOOKUP(Tabla1[[#This Row],[SISMED]],TblDisponibilidad[],23,FALSE), 0) -> 0
A11: 00234 | B11: =IFERROR(VLOOKUP(Tabla1[[#This Row],[SISMED]],TblDisponibilidad[],2,FALSE), "") | C11: =IFERROR(VLOOKUP(Tabla1[[#This Row],[SISMED]],TblDisponibilidad[],7,FALSE), 0) -> 0 | D11: =IFERROR(VLOOKUP(Tabla1[[#This Row],[SISMED]],TblDisponibilidad[],8,FALSE), 0) -> 0 | E11: =IFERROR(VLOOKUP(Tabla1[[#This Row],[SISMED]],TblDisponibilidad[],9,FALSE), 0) -> 0 | F11: =IFERROR(VLOOKUP(Tabla1[[#This Row],[SISMED]],TblDisponibilidad[],10,FALSE), 0) -> 0 | G11: =IFERROR(VLOOKUP(Tabla1[[#This Row],[SISMED]],TblDisponibilidad[],11,FALSE), 0) -> 0 | H11: =IFERROR(VLOOKUP(Tabla1[[#This Row],[SISMED]],TblDisponibilidad[],12,FALSE), 0) -> 0 | I11: =IFERROR(VLOOKUP(Tabla1[[#This Row],[SISMED]],TblDisponibilidad[],13,FALSE), 0) -> 0 | J11: =IFERROR(VLOOKUP(Tabla1[[#This Row],[SISMED]],TblDisponibilidad[],14,FALSE), 0) -> 0 | K11: =IFERROR(VLOOKUP(Tabla1[[#This Row],[SISMED]],TblDisponibilidad[],15,FALSE), 0) -> 0 | L11: =IFERROR(VLOOKUP(Tabla1[[#This Row],[SISMED]],TblDisponibilidad[],16,FALSE), 0) -> 0 | M11: =IFERROR(VLOOKUP(Tabla1[[#This Row],[SISMED]],TblDisponibilidad[],17,FALSE), 0) -> 0 | N11: =IFERROR(VLOOKUP(Tabla1[[#This Row],[SISMED]],TblDisponibilidad[],18,FALSE), 0) -> 0 | O11: =IFERROR(VLOOKUP(Tabla1[[#This Row],[SISMED]],TblDisponibilidad[],19,FALSE), 0) -> 0 | P11: =IFERROR(VLOOKUP(Tabla1[[#This Row],[SISMED]],TblDisponibilidad[],20,FALSE), 0) -> 0 | Q11: =IFERROR(VLOOKUP(Tabla1[[#This Row],[SISMED]],TblDisponibilidad[],21,FALSE), 0) -> 0 | R11: =IFERROR(VLOOKUP(Tabla1[[#This Row],[SISMED]],TblDisponibilidad[],22,FALSE), 0) -> 0 | S11: =IFERROR(VLOOKUP(Tabla1[[#This Row],[SISMED]],TblDisponibilidad[],23,FALSE), 0) -> 0
A12: 00259 | B12: =IFERROR(VLOOKUP(Tabla1[[#This Row],[SISMED]],TblDisponibilidad[],2,FALSE), "") | C12: =IFERROR(VLOOKUP(Tabla1[[#This Row],[SISMED]],TblDisponibilidad[],7,FALSE), 0) -> 0 | D12: =IFERROR(VLOOKUP(Tabla1[[#This Row],[SISMED]],TblDisponibilidad[],8,FALSE), 0) -> 0 | E12: =IFERROR(VLOOKUP(Tabla1[[#This Row],[SISMED]],TblDisponibilidad[],9,FALSE), 0) -> 0 | F12: =IFERROR(VLOOKUP(Tabla1[[#This Row],[SISMED]],TblDisponibilidad[],10,FALSE), 0) -> 0 | G12: =IFERROR(VLOOKUP(Tabla1[[#This Row],[SISMED]],TblDisponibilidad[],11,FALSE), 0) -> 0 | H12: =IFERROR(VLOOKUP(Tabla1[[#This Row],[SISMED]],TblDisponibilidad[],12,FALSE), 0) -> 0 | I12: =IFERROR(VLOOKUP(Tabla1[[#This Row],[SISMED]],TblDisponibilidad[],13,FALSE), 0) -> 0 | J12: =IFERROR(VLOOKUP(Tabla1[[#This Row],[SISMED]],TblDisponibilidad[],14,FALSE), 0) -> 0 | K12: =IFERROR(VLOOKUP(Tabla1[[#This Row],[SISMED]],TblDisponibilidad[],15,FALSE), 0) -> 0 | L12: =IFERROR(VLOOKUP(Tabla1[[#This Row],[SISMED]],TblDisponibilidad[],16,FALSE), 0) -> 0 | M12: =IFERROR(VLOOKUP(Tabla1[[#This Row],[SISMED]],TblDisponibilidad[],17,FALSE), 0) -> 0 | N12: =IFERROR(VLOOKUP(Tabla1[[#This Row],[SISMED]],TblDisponibilidad[],18,FALSE), 0) -> 0 | O12: =IFERROR(VLOOKUP(Tabla1[[#This Row],[SISMED]],TblDisponibilidad[],19,FALSE), 0) -> 0 | P12: =IFERROR(VLOOKUP(Tabla1[[#This Row],[SISMED]],TblDisponibilidad[],20,FALSE), 0) -> 0 | Q12: =IFERROR(VLOOKUP(Tabla1[[#This Row],[SISMED]],TblDisponibilidad[],21,FALSE), 0) -> 0 | R12: =IFERROR(VLOOKUP(Tabla1[[#This Row],[SISMED]],TblDisponibilidad[],22,FALSE), 0) -> 0 | S12: =IFERROR(VLOOKUP(Tabla1[[#This Row],[SISMED]],TblDisponibilidad[],23,FALSE), 0) -> 0
A13: 00269 | B13: =IFERROR(VLOOKUP(Tabla1[[#This Row],[SISMED]],TblDisponibilidad[],2,FALSE), "") | C13: =IFERROR(VLOOKUP(Tabla1[[#This Row],[SISMED]],TblDisponibilidad[],7,FALSE), 0) -> 0 | D13: =IFERROR(VLOOKUP(Tabla1[[#This Row],[SISMED]],TblDisponibilidad[],8,FALSE), 0) -> 0 | E13: =IFERROR(VLOOKUP(Tabla1[[#This Row],[SISMED]],TblDisponibilidad[],9,FALSE), 0) -> 0 | F13: =IFERROR(VLOOKUP(Tabla1[[#This Row],[SISMED]],TblDisponibilidad[],10,FALSE), 0) -> 0 | G13: =IFERROR(VLOOKUP(Tabla1[[#This Row],[SISMED]],TblDisponibilidad[],11,FALSE), 0) -> 0 | H13: =IFERROR(VLOOKUP(Tabla1[[#This Row],[SISMED]],TblDisponibilidad[],12,FALSE), 0) -> 0 | I13: =IFERROR(VLOOKUP(Tabla1[[#This Row],[SISMED]],TblDisponibilidad[],13,FALSE), 0) -> 0 | J13: =IFERROR(VLOOKUP(Tabla1[[#This Row],[SISMED]],TblDisponibilidad[],14,FALSE), 0) -> 0 | K13: =IFERROR(VLOOKUP(Tabla1[[#This Row],[SISMED]],TblDisponibilidad[],15,FALSE), 0) -> 0 | L13: =IFERROR(VLOOKUP(Tabla1[[#This Row],[SISMED]],TblDisponibilidad[],16,FALSE), 0) -> 0 | M13: =IFERROR(VLOOKUP(Tabla1[[#This Row],[SISMED]],TblDisponibilidad[],17,FALSE), 0) -> 0 | N13: =IFERROR(VLOOKUP(Tabla1[[#This Row],[SISMED]],TblDisponibilidad[],18,FALSE), 0) -> 0 | O13: =IFERROR(VLOOKUP(Tabla1[[#This Row],[SISMED]],TblDisponibilidad[],19,FALSE), 0) -> 0 | P13: =IFERROR(VLOOKUP(Tabla1[[#This Row],[SISMED]],TblDisponibilidad[],20,FALSE), 0) -> 0 | Q13: =IFERROR(VLOOKUP(Tabla1[[#This Row],[SISMED]],TblDisponibilidad[],21,FALSE), 0) -> 0 | R13: =IFERROR(VLOOKUP(Tabla1[[#This Row],[SISMED]],TblDisponibilidad[],22,FALSE), 0) -> 0 | S13: =IFERROR(VLOOKUP(Tabla1[[#This Row],[SISMED]],TblDisponibilidad[],23,FALSE), 0) -> 0
A14: 00274 | B14: =IFERROR(VLOOKUP(Tabla1[[#This Row],[SISMED]],TblDisponibilidad[],2,FALSE), "") | C14: =IFERROR(VLOOKUP(Tabla1[[#This Row],[SISMED]],TblDisponibilidad[],7,FALSE), 0) -> 0 | D14: =IFERROR(VLOOKUP(Tabla1[[#This Row],[SISMED]],TblDisponibilidad[],8,FALSE), 0) -> 0 | E14: =IFERROR(VLOOKUP(Tabla1[[#This Row],[SISMED]],TblDisponibilidad[],9,FALSE), 0) -> 0 | F14: =IFERROR(VLOOKUP(Tabla1[[#This Row],[SISMED]],TblDisponibilidad[],10,FALSE), 0) -> 0 | G14: =IFERROR(VLOOKUP(Tabla1[[#This Row],[SISMED]],TblDisponibilidad[],11,FALSE), 0) -> 0 | H14: =IFERROR(VLOOKUP(Tabla1[[#This Row],[SISMED]],TblDisponibilidad[],12,FALSE), 0) -> 0 | I14: =IFERROR(VLOOKUP(Tabla1[[#This Row],[SISMED]],TblDisponibilidad[],13,FALSE), 0) -> 0 | J14: =IFERROR(VLOOKUP(Tabla1[[#This Row],[SISMED]],TblDisponibilidad[],14,FALSE), 0) -> 0 | K14: =IFERROR(VLOOKUP(Tabla1[[#This Row],[SISMED]],TblDisponibilidad[],15,FALSE), 0) -> 0 | L14: =IFERROR(VLOOKUP(Tabla1[[#This Row],[SISMED]],TblDisponibilidad[],16,FALSE), 0) -> 0 | M14: =IFERROR(VLOOKUP(Tabla1[[#This Row],[SISMED]],TblDisponibilidad[],17,FALSE), 0) -> 0 | N14: =IFERROR(VLOOKUP(Tabla1[[#This Row],[SISMED]],TblDisponibilidad[],18,FALSE), 0) -> 0 | O14: =IFERROR(VLOOKUP(Tabla1[[#This Row],[SISMED]],TblDisponibilidad[],19,FALSE), 0) -> 0 | P14: =IFERROR(VLOOKUP(Tabla1[[#This Row],[SISMED]],TblDisponibilidad[],20,FALSE), 0) -> 0 | Q14: =IFERROR(VLOOKUP(Tabla1[[#This Row],[SISMED]],TblDisponibilidad[],21,FALSE), 0) -> 0 | R14: =IFERROR(VLOOKUP(Tabla1[[#This Row],[SISMED]],TblDisponibilidad[],22,FALSE), 0) -> 0 | S14: =IFERROR(VLOOKUP(Tabla1[[#This Row],[SISMED]],TblDisponibilidad[],23,FALSE), 0) -> 0
... A895: 46886 | B895: =IFERROR(VLOOKUP(Tabla1[[#This Row],[SISMED]],TblDisponibilidad[],2,FALSE), "") | C895: =IFERROR(VLOOKUP(Tabla1[[#This Row],[SISMED]],TblDisponibilidad[],7,FALSE), 0) -> 0 | D895: =IFERROR(VLOOKUP(Tabla1[[#This Row],[SISMED]],TblDisponibilidad[],8,FALSE), 0) -> 0 | E895: =IFERROR(VLOOKUP(Tabla1[[#This Row],[SISMED]],TblDisponibilidad[],9,FALSE), 0) -> 0 | F895: =IFERROR(VLOOKUP(Tabla1[[#This Row],[SISMED]],TblDisponibilidad[],10,FALSE), 0) -> 0 | G895: =IFERROR(VLOOKUP(Tabla1[[#This Row],[SISMED]],TblDisponibilidad[],11,FALSE), 0) -> 0 | H895: =IFERROR(VLOOKUP(Tabla1[[#This Row],[SISMED]],TblDisponibilidad[],12,FALSE), 0) -> 0 | I895: =IFERROR(VLOOKUP(Tabla1[[#This Row],[SISMED]],TblDisponibilidad[],13,FALSE), 0) -> 0 | J895: =IFERROR(VLOOKUP(Tabla1[[#This Row],[SISMED]],TblDisponibilidad[],14,FALSE), 0) -> 0 | K895: =IFERROR(VLOOKUP(Tabla1[[#This Row],[SISMED]],TblDisponibilidad[],15,FALSE), 0) -> 0 | L895: =IFERROR(VLOOKUP(Tabla1[[#This Row],[SISMED]],TblDisponibilidad[],16,FALSE), 0) -> 0 | M895: =IFERROR(VLOOKUP(Tabla1[[#This Row],[SISMED]],TblDisponibilidad[],17,FALSE), 0) -> 0 | N895: =IFERROR(VLOOKUP(Tabla1[[#This Row],[SISMED]],TblDisponibilidad[],18,FALSE), 0) -> 0 | O895: =IFERROR(VLOOKUP(Tabla1[[#This Row],[SISMED]],TblDisponibilidad[],19,FALSE), 0) -> 0 | P895: =IFERROR(VLOOKUP(Tabla1[[#This Row],[SISMED]],TblDisponibilidad[],20,FALSE), 0) -> 0 | Q895: =IFERROR(VLOOKUP(Tabla1[[#This Row],[SISMED]],TblDisponibilidad[],21,FALSE), 0) -> 0 | R895: =IFERROR(VLOOKUP(Tabla1[[#This Row],[SISMED]],TblDisponibilidad[],22,FALSE), 0) -> 0 | S895: =IFERROR(VLOOKUP(Tabla1[[#This Row],[SISMED]],TblDisponibilidad[],23,FALSE), 0) -> 0

Sheet Disp UCI
R1: % para UCI | S1: =(COUNTIF(Tabla13[Estado],"no rota")+COUNTIF(Tabla13[Estado],"NORMO STOCK")+COUNTIF(Tabla13[Estado],"SOBRE STOCK"))/(COUNTIF(Tabla13[Estado],"<>solid")-COUNTBLANK(Tabla13[Estado])-COUNTIF(Tabla13[Estado],"no incluido")) -> 0
A2: SISMED | B2: PRODUCTO | C2: ago-21 | D2: sep-21 | E2: oct-21 | F2: nov-21 | G2: dic-21 | H2: ene-22 | I2: feb-22 | J2: mar-22 | K2: abr-22 | L2: may-22 | M2: jun-22 | N2: jul-22 | O2: CPMA SIS | P2: Meses Rotacion | Q2: Stock | R2: Meses Abastecidos | S2: Estado
A3: 00091 | B3: =IFERROR(VLOOKUP(Tabla13[[#This Row],[SISMED]],TblDisponibilidad[],2,FALSE), "") | C3: =IFERROR(VLOOKUP(Tabla13[[#This Row],[SISMED]],TblDisponibilidad[],7,FALSE), 0) -> 0 | D3: =IFERROR(VLOOKUP(Tabla13[[#This Row],[SISMED]],TblDisponibilidad[],8,FALSE), 0) -> 0 | E3: =IFERROR(VLOOKUP(Tabla13[[#This Row],[SISMED]],TblDisponibilidad[],9,FALSE), 0) -> 0 | F3: =IFERROR(VLOOKUP(Tabla13[[#This Row],[SISMED]],TblDisponibilidad[],10,FALSE), 0) -> 0 | G3: =IFERROR(VLOOKUP(Tabla13[[#This Row],[SISMED]],TblDisponibilidad[],11,FALSE), 0) -> 0 | H3: =IFERROR(VLOOKUP(Tabla13[[#This Row],[SISMED]],TblDisponibilidad[],12,FALSE), 0) -> 0 | I3: =IFERROR(VLOOKUP(Tabla13[[#This Row],[SISMED]],TblDisponibilidad[],13,FALSE), 0) -> 0 | J3: =IFERROR(VLOOKUP(Tabla13[[#This Row],[SISMED]],TblDisponibilidad[],14,FALSE), 0) -> 0 | K3: =IFERROR(VLOOKUP(Tabla13[[#This Row],[SISMED]],TblDisponibilidad[],15,FALSE), 0) -> 0 | L3: =IFERROR(VLOOKUP(Tabla13[[#This Row],[SISMED]],TblDisponibilidad[],16,FALSE), 0) -> 0 | M3: =IFERROR(VLOOKUP(Tabla13[[#This Row],[SISMED]],TblDisponibilidad[],17,FALSE), 0) -> 0 | N3: =IFERROR(VLOOKUP(Tabla13[[#This Row],[SISMED]],TblDisponibilidad[],18,FALSE), 0) -> 0 | O3: =IFERROR(VLOOKUP(Tabla13[[#This Row],[SISMED]],TblDisponibilidad[],19,FALSE), 0) -> 0 | P3: =IFERROR(VLOOKUP(Tabla13[[#This Row],[SISMED]],TblDisponibilidad[],20,FALSE), 0) -> 0 | Q3: =IFERROR(VLOOKUP(Tabla13[[#This Row],[SISMED]],TblDisponibilidad[],21,FALSE), 0) -> 0 | R3: =IFERROR(VLOOKUP(Tabla13[[#This Row],[SISMED]],TblDisponibilidad[],22,FALSE), 0) -> 0 | S3: =IFERROR(VLOOKUP(Tabla13[[#This Row],[SISMED]],TblDisponibilidad[],23,FALSE), 0) -> 0
A4: 00095 | B4: =IFERROR(VLOOKUP(Tabla13[[#This Row],[SISMED]],TblDisponibilidad[],2,FALSE), "") | C4: =IFERROR(VLOOKUP(Tabla13[[#This Row],[SISMED]],TblDisponibilidad[],7,FALSE), 0) -> 0 | D4: =IFERROR(VLOOKUP(Tabla13[[#This Row],[SISMED]],TblDisponibilidad[],8,FALSE), 0) -> 0 | E4: =IFERROR(VLOOKUP(Tabla13[[#This Row],[SISMED]],TblDisponibilidad[],9,FALSE), 0) -> 0 | F4: =IFERROR(VLOOKUP(Tabla13[[#This Row],[SISMED]],TblDisponibilidad[],10,FALSE), 0) -> 0 | G4: =IFERROR(VLOOKUP(Tabla13[[#This Row],[SISMED]],TblDisponibilidad[],11,FALSE), 0) -> 0 | H4: =IFERROR(VLOOKUP(Tabla13[[#This Row],[SISMED]],TblDisponibilidad[],12,FALSE), 0) -> 0 | I4: =IFERROR(VLOOKUP(Tabla13[[#This Row],[SISMED]],TblDisponibilidad[],13,FALSE), 0) -> 0 | J4: =IFERROR(VLOOKUP(Tabla13[[#This Row],[SISMED]],TblDisponibilidad[],14,FALSE), 0) -> 0 | K4: =IFERROR(VLOOKUP(Tabla13[[#This Row],[SISMED]],TblDisponibilidad[],15,FALSE), 0) -> 0 | L4: =IFERROR(VLOOKUP(Tabla13[[#This Row],[SISMED]],TblDisponibilidad[],16,FALSE), 0) -> 0 | M4: =IFERROR(VLOOKUP(Tabla13[[#This Row],[SISMED]],TblDisponibilidad[],17,FALSE), 0) -> 0 | N4: =IFERROR(VLOOKUP(Tabla13[[#This Row],[SISMED]],TblDisponibilidad[],18,FALSE), 0) -> 0 | O4: =IFERROR(VLOOKUP(Tabla13[[#This Row],[SISMED]],TblDisponibilidad[],19,FALSE), 0) -> 0 | P4: =IFERROR(VLOOKUP(Tabla13[[#This Row],[SISMED]],TblDisponibilidad[],20,FALSE), 0) -> 0 | Q4: =IFERROR(VLOOKUP(Tabla13[[#This Row],[SISMED]],TblDisponibilidad[],21,FALSE), 0) -> 0 | R4: =IFERROR(VLOOKUP(Tabla13[[#This Row],[SISMED]],TblDisponibilidad[],22,FALSE), 0) -> 0 | S4: =IFERROR(VLOOKUP(Tabla13[[#This Row],[SISMED]],TblDisponibilidad[],23,FALSE), 0) -> 0
A5: 00111 | B5: =IFERROR(VLOOKUP(Tabla13[[#This Row],[SISMED]],TblDisponibilidad[],2,FALSE), "") | C5: =IFERROR(VLOOKUP(Tabla13[[#This Row],[SISMED]],TblDisponibilidad[],7,FALSE), 0) -> 0 | D5: =IFERROR(VLOOKUP(Tabla13[[#This Row],[SISMED]],TblDisponibilidad[],8,FALSE), 0) -> 0 | E5: =IFERROR(VLOOKUP(Tabla13[[#This Row],[SISMED]],TblDisponibilidad[],9,FALSE), 0) -> 0 | F5: =IFERROR(VLOOKUP(Tabla13[[#This Row],[SISMED]],TblDisponibilidad[],10,FALSE), 0) -> 0 | G5: =IFERROR(VLOOKUP(Tabla13[[#This Row],[SISMED]],TblDisponibilidad[],11,FALSE), 0) -> 0 | H5: =IFERROR(VLOOKUP(Tabla13[[#This Row],[SISMED]],TblDisponibilidad[],12,FALSE), 0) -> 0 | I5: =IFERROR(VLOOKUP(Tabla13[[#This Row],[SISMED]],TblDisponibilidad[],13,FALSE), 0) -> 0 | J5: =IFERROR(VLOOKUP(Tabla13[[#This Row],[SISMED]],TblDisponibilidad[],14,FALSE), 0) -> 0 | K5: =IFERROR(VLOOKUP(Tabla13[[#This Row],[SISMED]],TblDisponibilidad[],15,FALSE), 0) -> 0 | L5: =IFERROR(VLOOKUP(Tabla13[[#This Row],[SISMED]],TblDisponibilidad[],16,FALSE), 0) -> 0 | M5: =IFERROR(VLOOKUP(Tabla13[[#This Row],[SISMED]],TblDisponibilidad[],17,FALSE), 0) -> 0 | N5: =IFERROR(VLOOKUP(Tabla13[[#This Row],[SISMED]],TblDisponibilidad[],18,FALSE), 0) -> 0 | O5: =IFERROR(VLOOKUP(Tabla13[[#This Row],[SISMED]],TblDisponibilidad[],19,FALSE), 0) -> 0 | P5: =IFERROR(VLOOKUP(Tabla13[[#This Row],[SISMED]],TblDisponibilidad[],20,FALSE), 0) -> 0 | Q5: =IFERROR(VLOOKUP(Tabla13[[#This Row],[SISMED]],TblDisponibilidad[],21,FALSE), 0) -> 0 | R5: =IFERROR(VLOOKUP(Tabla13[[#This Row],[SISMED]],TblDisponibilidad[],22,FALSE), 0) -> 0 | S5: =IFERROR(VLOOKUP(Tabla13[[#This Row],[SISMED]],TblDisponibilidad[],23,FALSE), 0) -> 0
A6: 00132 | B6: =IFERROR(VLOOKUP(Tabla13[[#This Row],[SISMED]],TblDisponibilidad[],2,FALSE), "") | C6: =IFERROR(VLOOKUP(Tabla13[[#This Row],[SISMED]],TblDisponibilidad[],7,FALSE), 0) -> 0 | D6: =IFERROR(VLOOKUP(Tabla13[[#This Row],[SISMED]],TblDisponibilidad[],8,FALSE), 0) -> 0 | E6: =IFERROR(VLOOKUP(Tabla13[[#This Row],[SISMED]],TblDisponibilidad[],9,FALSE), 0) -> 0 | F6: =IFERROR(VLOOKUP(Tabla13[[#This Row],[SISMED]],TblDisponibilidad[],10,FALSE), 0) -> 0 | G6: =IFERROR(VLOOKUP(Tabla13[[#This Row],[SISMED]],TblDisponibilidad[],11,FALSE), 0) -> 0 | H6: =IFERROR(VLOOKUP(Tabla13[[#This Row],[SISMED]],TblDisponibilidad[],12,FALSE), 0) -> 0 | I6: =IFERROR(VLOOKUP(Tabla13[[#This Row],[SISMED]],TblDisponibilidad[],13,FALSE), 0) -> 0 | J6: =IFERROR(VLOOKUP(Tabla13[[#This Row],[SISMED]],TblDisponibilidad[],14,FALSE), 0) -> 0 | K6: =IFERROR(VLOOKUP(Tabla13[[#This Row],[SISMED]],TblDisponibilidad[],15,FALSE), 0) -> 0 | L6: =IFERROR(VLOOKUP(Tabla13[[#This Row],[SISMED]],TblDisponibilidad[],16,FALSE), 0) -> 0 | M6: =IFERROR(VLOOKUP(Tabla13[[#This Row],[SISMED]],TblDisponibilidad[],17,FALSE), 0) -> 0 | N6: =IFERROR(VLOOKUP(Tabla13[[#This Row],[SISMED]],TblDisponibilidad[],18,FALSE), 0) -> 0 | O6: =IFERROR(VLOOKUP(Tabla13[[#This Row],[SISMED]],TblDisponibilidad[],19,FALSE), 0) -> 0 | P6: =IFERROR(VLOOKUP(Tabla13[[#This Row],[SISMED]],TblDisponibilidad[],20,FALSE), 0) -> 0 | Q6: =IFERROR(VLOOKUP(Tabla13[[#This Row],[SISMED]],TblDisponibilidad[],21,FALSE), 0) -> 0 | R6: =IFERROR(VLOOKUP(Tabla13[[#This Row],[SISMED]],TblDisponibilidad[],22,FALSE), 0) -> 0 | S6: =IFERROR(VLOOKUP(Tabla13[[#This Row],[SISMED]],TblDisponibilidad[],23,FALSE), 0) -> 0
A7: 00143 | B7: =IFERROR(VLOOKUP(Tabla13[[#This Row],[SISMED]],TblDisponibilidad[],2,FALSE), "") | C7: =IFERROR(VLOOKUP(Tabla13[[#This Row],[SISMED]],TblDisponibilidad[],7,FALSE), 0) -> 0 | D7: =IFERROR(VLOOKUP(Tabla13[[#This Row],[SISMED]],TblDisponibilidad[],8,FALSE), 0) -> 0 | E7: =IFERROR(VLOOKUP(Tabla13[[#This Row],[SISMED]],TblDisponibilidad[],9,FALSE), 0) -> 0 | F7: =IFERROR(VLOOKUP(Tabla13[[#This Row],[SISMED]],TblDisponibilidad[],10,FALSE), 0) -> 0 | G7: =IFERROR(VLOOKUP(Tabla13[[#This Row],[SISMED]],TblDisponibilidad[],11,FALSE), 0) -> 0 | H7: =IFERROR(VLOOKUP(Tabla13[[#This Row],[SISMED]],TblDisponibilidad[],12,FALSE), 0) -> 0 | I7: =IFERROR(VLOOKUP(Tabla13[[#This Row],[SISMED]],TblDisponibilidad[],13,FALSE), 0) -> 0 | J7: =IFERROR(VLOOKUP(Tabla13[[#This Row],[SISMED]],TblDisponibilidad[],14,FALSE), 0) -> 0 | K7: =IFERROR(VLOOKUP(Tabla13[[#This Row],[SISMED]],TblDisponibilidad[],15,FALSE), 0) -> 0 | L7: =IFERROR(VLOOKUP(Tabla13[[#This Row],[SISMED]],TblDisponibilidad[],16,FALSE), 0) -> 0 | M7: =IFERROR(VLOOKUP(Tabla13[[#This Row],[SISMED]],TblDisponibilidad[],17,FALSE), 0) -> 0 | N7: =IFERROR(VLOOKUP(Tabla13[[#This Row],[SISMED]],TblDisponibilidad[],18,FALSE), 0) -> 0 | O7: =IFERROR(VLOOKUP(Tabla13[[#This Row],[SISMED]],TblDisponibilidad[],19,FALSE), 0) -> 0 | P7: =IFERROR(VLOOKUP(Tabla13[[#This Row],[SISMED]],TblDisponibilidad[],20,FALSE), 0) -> 0 | Q7: =IFERROR(VLOOKUP(Tabla13[[#This Row],[SISMED]],TblDisponibilidad[],21,FALSE), 0) -> 0 | R7: =IFERROR(VLOOKUP(Tabla13[[#This Row],[SISMED]],TblDisponibilidad[],22,FALSE), 0) -> 0 | S7: =IFERROR(VLOOKUP(Tabla13[[#This Row],[SISMED]],TblDisponibilidad[],23,FALSE), 0) -> 0
A8: 00200 | B8: =IFERROR(VLOOKUP(Tabla13[[#This Row],[SISMED]],TblDisponibilidad[],2,FALSE), "") | C8: =IFERROR(VLOOKUP(Tabla13[[#This Row],[SISMED]],TblDisponibilidad[],7,FALSE), 0) -> 0 | D8: =IFERROR(VLOOKUP(Tabla13[[#This Row],[SISMED]],TblDisponibilidad[],8,FALSE), 0) -> 0 | E8: =IFERROR(VLOOKUP(Tabla13[[#This Row],[SISMED]],TblDisponibilidad[],9,FALSE), 0) -> 0 | F8: =IFERROR(VLOOKUP(Tabla13[[#This Row],[SISMED]],TblDisponibilidad[],10,FALSE), 0) -> 0 | G8: =IFERROR(VLOOKUP(Tabla13[[#This Row],[SISMED]],TblDisponibilidad[],11,FALSE), 0) -> 0 | H8: =IFERROR(VLOOKUP(Tabla13[[#This Row],[SISMED]],TblDisponibilidad[],12,FALSE), 0) -> 0 | I8: =IFERROR(VLOOKUP(Tabla13[[#This Row],[SISMED]],TblDisponibilidad[],13,FALSE), 0) -> 0 | J8: =IFERROR(VLOOKUP(Tabla13[[#This Row],[SISMED]],TblDisponibilidad[],14,FALSE), 0) -> 0 | K8: =IFERROR(VLOOKUP(Tabla13[[#This Row],[SISMED]],TblDisponibilidad[],15,FALSE), 0) -> 0 | L8: =IFERROR(VLOOKUP(Tabla13[[#This Row],[SISMED]],TblDisponibilidad[],16,FALSE), 0) -> 0 | M8: =IFERROR(VLOOKUP(Tabla13[[#This Row],[SISMED]],TblDisponibilidad[],17,FALSE), 0) -> 0 | N8: =IFERROR(VLOOKUP(Tabla13[[#This Row],[SISMED]],TblDisponibilidad[],18,FALSE), 0) -> 0 | O8: =IFERROR(VLOOKUP(Tabla13[[#This Row],[SISMED]],TblDisponibilidad[],19,FALSE), 0) -> 0 | P8: =IFERROR(VLOOKUP(Tabla13[[#This Row],[SISMED]],TblDisponibilidad[],20,FALSE), 0) -> 0 | Q8: =IFERROR(VLOOKUP(Tabla13[[#This Row],[SISMED]],TblDisponibilidad[],21,FALSE), 0) -> 0 | R8: =IFERROR(VLOOKUP(Tabla13[[#This Row],[SISMED]],TblDisponibilidad[],22,FALSE), 0) -> 0 | S8: =IFERROR(VLOOKUP(Tabla13[[#This Row],[SISMED]],TblDisponibilidad[],23,FALSE), 0) -> 0
A9: 00223 | B9: =IFERROR(VLOOKUP(Tabla13[[#This Row],[SISMED]],TblDisponibilidad[],2,FALSE), "") | C9: =IFERROR(VLOOKUP(Tabla13[[#This Row],[SISMED]],TblDisponibilidad[],7,FALSE), 0) -> 0 | D9: =IFERROR(VLOOKUP(Tabla13[[#This Row],[SISMED]],TblDisponibilidad[],8,FALSE), 0) -> 0 | E9: =IFERROR(VLOOKUP(Tabla13[[#This Row],[SISMED]],TblDisponibilidad[],9,FALSE), 0) -> 0 | F9: =IFERROR(VLOOKUP(Tabla13[[#This Row],[SISMED]],TblDisponibilidad[],10,FALSE), 0) -> 0 | G9: =IFERROR(VLOOKUP(Tabla13[[#This Row],[SISMED]],TblDisponibilidad[],11,FALSE), 0) -> 0 | H9: =IFERROR(VLOOKUP(Tabla13[[#This Row],[SISMED]],TblDisponibilidad[],12,FALSE), 0) -> 0 | I9: =IFERROR(VLOOKUP(Tabla13[[#This Row],[SISMED]],TblDisponibilidad[],13,FALSE), 0) -> 0 | J9: =IFERROR(VLOOKUP(Tabla13[[#This Row],[SISMED]],TblDisponibilidad[],14,FALSE), 0) -> 0 | K9: =IFERROR(VLOOKUP(Tabla13[[#This Row],[SISMED]],TblDisponibilidad[],15,FALSE), 0) -> 0 | L9: =IFERROR(VLOOKUP(Tabla13[[#This Row],[SISMED]],TblDisponibilidad[],16,FALSE), 0) -> 0 | M9: =IFERROR(VLOOKUP(Tabla13[[#This Row],[SISMED]],TblDisponibilidad[],17,FALSE), 0) -> 0 | N9: =IFERROR(VLOOKUP(Tabla13[[#This Row],[SISMED]],TblDisponibilidad[],18,FALSE), 0) -> 0 | O9: =IFERROR(VLOOKUP(Tabla13[[#This Row],[SISMED]],TblDisponibilidad[],19,FALSE), 0) -> 0 | P9: =IFERROR(VLOOKUP(Tabla13[[#This Row],[SISMED]],TblDisponibilidad[],20,FALSE), 0) -> 0 | Q9: =IFERROR(VLOOKUP(Tabla13[[#This Row],[SISMED]],TblDisponibilidad[],21,FALSE), 0) -> 0 | R9: =IFERROR(VLOOKUP(Tabla13[[#This Row],[SISMED]],TblDisponibilidad[],22,FALSE), 0) -> 0 | S9: =IFERROR(VLOOKUP(Tabla13[[#This Row],[SISMED]],TblDisponibilidad[],23,FALSE), 0) -> 0
A10: 00225 | B10: =IFERROR(VLOOKUP(Tabla13[[#This Row],[SISMED]],TblDisponibilidad[],2,FALSE), "") | C10: =IFERROR(VLOOKUP(Tabla13[[#This Row],[SISMED]],TblDisponibilidad[],7,FALSE), 0) -> 0 | D10: =IFERROR(VLOOKUP(Tabla13[[#This Row],[SISMED]],TblDisponibilidad[],8,FALSE), 0) -> 0 | E10: =IFERROR(VLOOKUP(Tabla13[[#This Row],[SISMED]],TblDisponibilidad[],9,FALSE), 0) -> 0 | F10: =IFERROR(VLOOKUP(Tabla13[[#This Row],[SISMED]],TblDisponibilidad[],10,FALSE), 0) -> 0 | G10: =IFERROR(VLOOKUP(Tabla13[[#This Row],[SISMED]],TblDisponibilidad[],11,FALSE), 0) -> 0 | H10: =IFERROR(VLOOKUP(Tabla13[[#This Row],[SISMED]],TblDisponibilidad[],12,FALSE), 0) -> 0 | I10: =IFERROR(VLOOKUP(Tabla13[[#This Row],[SISMED]],TblDisponibilidad[],13,FALSE), 0) -> 0 | J10: =IFERROR(VLOOKUP(Tabla13[[#This Row],[SISMED]],TblDisponibilidad[],14,FALSE), 0) -> 0 | K10: =IFERROR(VLOOKUP(Tabla13[[#This Row],[SISMED]],TblDisponibilidad[],15,FALSE), 0) -> 0 | L10: =IFERROR(VLOOKUP(Tabla13[[#This Row],[SISMED]],TblDisponibilidad[],16,FALSE), 0) -> 0 | M10: =IFERROR(VLOOKUP(Tabla13[[#This Row],[SISMED]],TblDisponibilidad[],17,FALSE), 0) -> 0 | N10: =IFERROR(VLOOKUP(Tabla13[[#This Row],[SISMED]],TblDisponibilidad[],18,FALSE), 0) -> 0 | O10: =IFERROR(VLOOKUP(Tabla13[[#This Row],[SISMED]],TblDisponibilidad[],19,FALSE), 0) -> 0 | P10: =IFERROR(VLOOKUP(Tabla13[[#This Row],[SISMED]],TblDisponibilidad[],20,FALSE), 0) -> 0 | Q10: =IFERROR(VLOOKUP(Tabla13[[#This Row],[SISMED]],TblDisponibilidad[],21,FALSE), 0) -> 0 | R10: =IFERROR(VLOOKUP(Tabla13[[#This Row],[SISMED]],TblDisponibilidad[],22,FALSE), 0) -> 0 | S10: =IFERROR(VLOOKUP(Tabla13[[#This Row],[SISMED]],TblDisponibilidad[],23,FALSE), 0) -> 0
A11: 00234 | B11: =IFERROR(VLOOKUP(Tabla13[[#This Row],[SISMED]],TblDisponibilidad[],2,FALSE), "") | C11: =IFERROR(VLOOKUP(Tabla13[[#This Row],[SISMED]],TblDisponibilidad[],7,FALSE), 0) -> 0 | D11: =IFERROR(VLOOKUP(Tabla13[[#This Row],[SISMED]],TblDisponibilidad[],8,FALSE), 0) -> 0 | E11: =IFERROR(VLOOKUP(Tabla13[[#This Row],[SISMED]],TblDisponibilidad[],9,FALSE), 0) -> 0 | F11: =IFERROR(VLOOKUP(Tabla13[[#This Row],[SISMED]],TblDisponibilidad[],10,FALSE), 0) -> 0 | G11: =IFERROR(VLOOKUP(Tabla13[[#This Row],[SISMED]],TblDisponibilidad[],11,FALSE), 0) -> 0 | H11: =IFERROR(VLOOKUP(Tabla13[[#This Row],[SISMED]],TblDisponibilidad[],12,FALSE), 0) -> 0 | I11: =IFERROR(VLOOKUP(Tabla13[[#This Row],[SISMED]],TblDisponibilidad[],13,FALSE), 0) -> 0 | J11: =IFERROR(VLOOKUP(Tabla13[[#This Row],[SISMED]],TblDisponibilidad[],14,FALSE), 0) -> 0 | K11: =IFERROR(VLOOKUP(Tabla13[[#This Row],[SISMED]],TblDisponibilidad[],15,FALSE), 0) -> 0 | L11: =IFERROR(VLOOKUP(Tabla13[[#This Row],[SISMED]],TblDisponibilidad[],16,FALSE), 0) -> 0 | M11: =IFERROR(VLOOKUP(Tabla13[[#This Row],[SISMED]],TblDisponibilidad[],17,FALSE), 0) -> 0 | N11: =IFERROR(VLOOKUP(Tabla13[[#This Row],[SISMED]],TblDisponibilidad[],18,FALSE), 0) -> 0 | O11: =IFERROR(VLOOKUP(Tabla13[[#This Row],[SISMED]],TblDisponibilidad[],19,FALSE), 0) -> 0 | P11: =IFERROR(VLOOKUP(Tabla13[[#This Row],[SISMED]],TblDisponibilidad[],20,FALSE), 0) -> 0 | Q11: =IFERROR(VLOOKUP(Tabla13[[#This Row],[SISMED]],TblDisponibilidad[],21,FALSE), 0) -> 0 | R11: =IFERROR(VLOOKUP(Tabla13[[#This Row],[SISMED]],TblDisponibilidad[],22,FALSE), 0) -> 0 | S11: =IFERROR(VLOOKUP(Tabla13[[#This Row],[SISMED]],TblDisponibilidad[],23,FALSE), 0) -> 0
A12: 00259 | B12: =IFERROR(VLOOKUP(Tabla13[[#This Row],[SISMED]],TblDisponibilidad[],2,FALSE), "") | C12: =IFERROR(VLOOKUP(Tabla13[[#This Row],[SISMED]],TblDisponibilidad[],7,FALSE), 0) -> 0 | D12: =IFERROR(VLOOKUP(Tabla13[[#This Row],[SISMED]],TblDisponibilidad[],8,FALSE), 0) -> 0 | E12: =IFERROR(VLOOKUP(Tabla13[[#This Row],[SISMED]],TblDisponibilidad[],9,FALSE), 0) -> 0 | F12: =IFERROR(VLOOKUP(Tabla13[[#This Row],[SISMED]],TblDisponibilidad[],10,FALSE), 0) -> 0 | G12: =IFERROR(VLOOKUP(Tabla13[[#This Row],[SISMED]],TblDisponibilidad[],11,FALSE), 0) -> 0 | H12: =IFERROR(VLOOKUP(Tabla13[[#This Row],[SISMED]],TblDisponibilidad[],12,FALSE), 0) -> 0 | I12: =IFERROR(VLOOKUP(Tabla13[[#This Row],[SISMED]],TblDisponibilidad[],13,FALSE), 0) -> 0 | J12: =IFERROR(VLOOKUP(Tabla13[[#This Row],[SISMED]],TblDisponibilidad[],14,FALSE), 0) -> 0 | K12: =IFERROR(VLOOKUP(Tabla13[[#This Row],[SISMED]],TblDisponibilidad[],15,FALSE), 0) -> 0 | L12: =IFERROR(VLOOKUP(Tabla13[[#This Row],[SISMED]],TblDisponibilidad[],16,FALSE), 0) -> 0 | M12: =IFERROR(VLOOKUP(Tabla13[[#This Row],[SISMED]],TblDisponibilidad[],17,FALSE), 0) -> 0 | N12: =IFERROR(VLOOKUP(Tabla13[[#This Row],[SISMED]],TblDisponibilidad[],18,FALSE), 0) -> 0 | O12: =IFERROR(VLOOKUP(Tabla13[[#This Row],[SISMED]],TblDisponibilidad[],19,FALSE), 0) -> 0 | P12: =IFERROR(VLOOKUP(Tabla13[[#This Row],[SISMED]],TblDisponibilidad[],20,FALSE), 0) -> 0 | Q12: =IFERROR(VLOOKUP(Tabla13[[#This Row],[SISMED]],TblDisponibilidad[],21,FALSE), 0) -> 0 | R12: =IFERROR(VLOOKUP(Tabla13[[#This Row],[SISMED]],TblDisponibilidad[],22,FALSE), 0) -> 0 | S12: =IFERROR(VLOOKUP(Tabla13[[#This Row],[SISMED]],TblDisponibilidad[],23,FALSE), 0) -> 0
A13: 00269 | B13: =IFERROR(VLOOKUP(Tabla13[[#This Row],[SISMED]],TblDisponibilidad[],2,FALSE), "") | C13: =IFERROR(VLOOKUP(Tabla13[[#This Row],[SISMED]],TblDisponibilidad[],7,FALSE), 0) -> 0 | D13: =IFERROR(VLOOKUP(Tabla13[[#This Row],[SISMED]],TblDisponibilidad[],8,FALSE), 0) -> 0 | E13: =IFERROR(VLOOKUP(Tabla13[[#This Row],[SISMED]],TblDisponibilidad[],9,FALSE), 0) -> 0 | F13: =IFERROR(VLOOKUP(Tabla13[[#This Row],[SISMED]],TblDisponibilidad[],10,FALSE), 0) -> 0 | G13: =IFERROR(VLOOKUP(Tabla13[[#This Row],[SISMED]],TblDisponibilidad[],11,FALSE), 0) -> 0 | H13: =IFERROR(VLOOKUP(Tabla13[[#This Row],[SISMED]],TblDisponibilidad[],12,FALSE), 0) -> 0 | I13: =IFERROR(VLOOKUP(Tabla13[[#This Row],[SISMED]],TblDisponibilidad[],13,FALSE), 0) -> 0 | J13: =IFERROR(VLOOKUP(Tabla13[[#This Row],[SISMED]],TblDisponibilidad[],14,FALSE), 0) -> 0 | K13: =IFERROR(VLOOKUP(Tabla13[[#This Row],[SISMED]],TblDisponibilidad[],15,FALSE), 0) -> 0 | L13: =IFERROR(VLOOKUP(Tabla13[[#This Row],[SISMED]],TblDisponibilidad[],16,FALSE), 0) -> 0 | M13: =IFERROR(VLOOKUP(Tabla13[[#This Row],[SISMED]],TblDisponibilidad[],17,FALSE), 0) -> 0 | N13: =IFERROR(VLOOKUP(Tabla13[[#This Row],[SISMED]],TblDisponibilidad[],18,FALSE), 0) -> 0 | O13: =IFERROR(VLOOKUP(Tabla13[[#This Row],[SISMED]],TblDisponibilidad[],19,FALSE), 0) -> 0 | P13: =IFERROR(VLOOKUP(Tabla13[[#This Row],[SISMED]],TblDisponibilidad[],20,FALSE), 0) -> 0 | Q13: =IFERROR(VLOOKUP(Tabla13[[#This Row],[SISMED]],TblDisponibilidad[],21,FALSE), 0) -> 0 | R13: =IFERROR(VLOOKUP(Tabla13[[#This Row],[SISMED]],TblDisponibilidad[],22,FALSE), 0) -> 0 | S13: =IFERROR(VLOOKUP(Tabla13[[#This Row],[SISMED]],TblDisponibilidad[],23,FALSE), 0) -> 0
A14: 00274 | B14: =IFERROR(VLOOKUP(Tabla13[[#This Row],[SISMED]],TblDisponibilidad[],2,FALSE), "") | C14: =IFERROR(VLOOKUP(Tabla13[[#This Row],[SISMED]],TblDisponibilidad[],7,FALSE), 0) -> 0 | D14: =IFERROR(VLOOKUP(Tabla13[[#This Row],[SISMED]],TblDisponibilidad[],8,FALSE), 0) -> 0 | E14: =IFERROR(VLOOKUP(Tabla13[[#This Row],[SISMED]],TblDisponibilidad[],9,FALSE), 0) -> 0 | F14: =IFERROR(VLOOKUP(Tabla13[[#This Row],[SISMED]],TblDisponibilidad[],10,FALSE), 0) -> 0 | G14: =IFERROR(VLOOKUP(Tabla13[[#This Row],[SISMED]],TblDisponibilidad[],11,FALSE), 0) -> 0 | H14: =IFERROR(VLOOKUP(Tabla13[[#This Row],[SISMED]],TblDisponibilidad[],12,FALSE), 0) -> 0 | I14: =IFERROR(VLOOKUP(Tabla13[[#This Row],[SISMED]],TblDisponibilidad[],13,FALSE), 0) -> 0 | J14: =IFERROR(VLOOKUP(Tabla13[[#This Row],[SISMED]],TblDisponibilidad[],14,FALSE), 0) -> 0 | K14: =IFERROR(VLOOKUP(Tabla13[[#This Row],[SISMED]],TblDisponibilidad[],15,FALSE), 0) -> 0 | L14: =IFERROR(VLOOKUP(Tabla13[[#This Row],[SISMED]],TblDisponibilidad[],16,FALSE), 0) -> 0 | M14: =IFERROR(VLOOKUP(Tabla13[[#This Row],[SISMED]],TblDisponibilidad[],17,FALSE), 0) -> 0 | N14: =IFERROR(VLOOKUP(Tabla13[[#This Row],[SISMED]],TblDisponibilidad[],18,FALSE), 0) -> 0 | O14: =IFERROR(VLOOKUP(Tabla13[[#This Row],[SISMED]],TblDisponibilidad[],19,FALSE), 0) -> 0 | P14: =IFERROR(VLOOKUP(Tabla13[[#This Row],[SISMED]],TblDisponibilidad[],20,FALSE), 0) -> 0 | Q14: =IFERROR(VLOOKUP(Tabla13[[#This Row],[SISMED]],TblDisponibilidad[],21,FALSE), 0) -> 0 | R14: =IFERROR(VLOOKUP(Tabla13[[#This Row],[SISMED]],TblDisponibilidad[],22,FALSE), 0) -> 0 | S14: =IFERROR(VLOOKUP(Tabla13[[#This Row],[SISMED]],TblDisponibilidad[],23,FALSE), 0) -> 0
... A895: 46886 | B895: =IFERROR(VLOOKUP(Tabla13[[#This Row],[SISMED]],TblDisponibilidad[],2,FALSE), "") | C895: =IFERROR(VLOOKUP(Tabla13[[#This Row],[SISMED]],TblDisponibilidad[],7,FALSE), 0) -> 0 | D895: =IFERROR(VLOOKUP(Tabla13[[#This Row],[SISMED]],TblDisponibilidad[],8,FALSE), 0) -> 0 | E895: =IFERROR(VLOOKUP(Tabla13[[#This Row],[SISMED]],TblDisponibilidad[],9,FALSE), 0) -> 0 | F895: =IFERROR(VLOOKUP(Tabla13[[#This Row],[SISMED]],TblDisponibilidad[],10,FALSE), 0) -> 0 | G895: =IFERROR(VLOOKUP(Tabla13[[#This Row],[SISMED]],TblDisponibilidad[],11,FALSE), 0) -> 0 | H895: =IFERROR(VLOOKUP(Tabla13[[#This Row],[SISMED]],TblDisponibilidad[],12,FALSE), 0) -> 0 | I895: =IFERROR(VLOOKUP(Tabla13[[#This Row],[SISMED]],TblDisponibilidad[],13,FALSE), 0) -> 0 | J895: =IFERROR(VLOOKUP(Tabla13[[#This Row],[SISMED]],TblDisponibilidad[],14,FALSE), 0) -> 0 | K895: =IFERROR(VLOOKUP(Tabla13[[#This Row],[SISMED]],TblDisponibilidad[],15,FALSE), 0) -> 0 | L895: =IFERROR(VLOOKUP(Tabla13[[#This Row],[SISMED]],TblDisponibilidad[],16,FALSE), 0) -> 0 | M895: =IFERROR(VLOOKUP(Tabla13[[#This Row],[SISMED]],TblDisponibilidad[],17,FALSE), 0) -> 0 | N895: =IFERROR(VLOOKUP(Tabla13[[#This Row],[SISMED]],TblDisponibilidad[],18,FALSE), 0) -> 0 | O895: =IFERROR(VLOOKUP(Tabla13[[#This Row],[SISMED]],TblDisponibilidad[],19,FALSE), 0) -> 0 | P895: =IFERROR(VLOOKUP(Tabla13[[#This Row],[SISMED]],TblDisponibilidad[],20,FALSE), 0) -> 0 | Q895: =IFERROR(VLOOKUP(Tabla13[[#This Row],[SISMED]],TblDisponibilidad[],21,FALSE), 0) -> 0 | R895: =IFERROR(VLOOKUP(Tabla13[[#This Row],[SISMED]],TblDisponibilidad[],22,FALSE), 0) -> 0 | S895: =IFERROR(VLOOKUP(Tabla13[[#This Row],[SISMED]],TblDisponibilidad[],23,FALSE), 0) -> 0

Sheet Medicamentos
A1: Tipo | B1: (Varios elementos)
A2: LISTA DE MEDICAMENTOS | E2: % de disponibilidad de medicamentos | F2: =((COUNTIF(F4:F600,"NORMO STOCK"))+(COUNTIF(F4:F600,"SOBRE STOCK")))/(((COUNTIF(F4:F600,"<>solid"))-(COUNTIF(F4:F600,"=No Rota"))-(COUNTBLANK(F4:F600)))) -> 0.64133739
A3: Etiquetas de fila | B3: Descripción | C3: Concentración | D3: Presentación | E3: Forma Farmacéutica | F3: Estado
A4: 00091 | B4: ACIDO ACETILSALICILICO | C4: 100 mg | D4: TABLETA | F4: NORMO STOCK
A5: 00132 | B5: ACICLOVIR (COMO SAL SODICA) | C5: 250 mg | D5: INYECTABLE | E5: 10 mL | F5: No Rota
A6: 00143 | B6: ACICLOVIR | C6: 200 mg | D6: TABLETA | F6: NORMO STOCK
A7: 00200 | B7: ACIDO FOLICO | C7: 500 µg (0.5 mg) | D7: TABLETA | F7: NORMO STOCK
A8: 00223 | B8: ACIDO TRANEXAMICO | C8: 1 g | D8: INYECTABLE | E8: 10 mL | F8: SUB STOCK
A9: 00225 | B9: ACIDO TRANEXAMICO | C9: 250 mg | D9: TABLETA | F9: SUB STOCK
A10: 00226 | B10: ACIDO URSODEOXICOLICO | C10: 250 mg | D10: TABLETA | F10: No Rota
A11: 00234 | B11: ADENOSINA | C11: 6 mg/2 mL | D11: INYECTABLE | E11: 2 mL | F11: SOBRE STOCK
A12: 00259 | B12: ALBENDAZOL | C12: 100 mg/5 mL | D12: SUSPENSION | E12: 20 mL | F12: DESABASTECIDO
A13: 00269 | B13: ALBENDAZOL | C13: 200 mg | D13: TABLETA | F13: SOBRE STOCK
A14: 00274 | B14: ALBUMINA HUMANA | C14: 20 g/100 mL | D14: INYECTABLE | E14: 50 mL | F14: SUB STOCK
A15: 00393 | B15: ALPRAZOLAM | C15: 500 µg (0.5 mg) | D15: TABLETA | F15: SUB STOCK
A16: 00396 | B16: ALPROSTADIL | C16: 500 µg/mL | D16: INYECTABLE | E16: 1 mL | F16: SUB STOCK
A17: 00620 | B17: AMFOTERICINA B | C17: 50 mg | D17: INYECTABLE | E17: 10 mL | F17: SOBRE STOCK
A18: 00625 | B18: AMIKACINA (COMO SULFATO) | C18: 50 mg/mL | D18: INYECTABLE | E18: 2 mL | F18: SUB STOCK
A19: 00627 | B19: AMIKACINA (COMO SULFATO) | C19: 250 mg/ mL | D19: INYECTABLE | E19: 2 mL | F19: SOBRE STOCK
A20: 00638 | B20: AMINOACIDOS | C20: 10 % | D20: INYECTABLE | E20: 250 mL | F20: SUB STOCK
A21: 00639 | B21: AMINOACIDOS | C21: 10 % | D21: INYECTABLE | E21: 500 mL | F21: SUB STOCK
A22: 00662 | B22: AMINOFILINA | C22: 25 mg/mL | D22: INYECTABLE | E22: 10 mL | F22: No Rota
A23: 00663 | B23: AMIODARONA CLORHIDRATO | C23: 50 mg/mL | D23: INYECTABLE | E23: 3 mL | F23: NORMO STOCK
A24: 00671 | B24: AMLODIPINO (COMO BESILATO) | C24: 10 mg | D24: TABLETA | F24: SUB STOCK
A25: 00673 | B25: AMLODIPINO (COMO BESILATO) | C25: 5 mg | D25: TABLETA | F25: NORMO STOCK
A26: 00725 | B26: AMOXICILINA + ACIDO CLAVULANICO (COMO SAL POTASICA) | C26: 250 mg + 62.5 mg/5 mL | D26: SUSPENSION | E26: 60 mL | F26: SUB STOCK
A27: 00750 | B27: AMOXICILINA + ACIDO CLAVULANICO (COMO SAL POTASICA) | C27: 500 mg + 125 mg | D27: TABLETA | F27: SUB STOCK
A28: 00786 | B28: AMOXICILINA | C28: 250 mg/5 mL | D28: SUSPENSION | E28: 120 mL | F28: SOBRE STOCK
A29: 00794 | B29: AMOXICILINA | C29: 250 mg/5 mL | D29: SUSPENSION | E29: 60 mL | F29: SOBRE STOCK
A30: 00808 | B30: AMOXICILINA | C30: 500 mg | D30: TABLETA | F30: SOBRE STOCK
A31: 00822 | B31: AMPICILINA (COMO SAL SODICA) + SULBACTAM (COMO SAL SODICA) | C31: 1 g + 500 mg | D31: INYECTABLE | F31: SOBRE STOCK
A32: 00830 | B32: AMPICILINA SODICA | C32: 1 g | D32: INYECTABLE | F32: SOBRE STOCK
A33: 00900 | B33: ATENOLOL | C33: 100 mg | D33: TABLETA | F33: SOBRE STOCK
A34: 00903 | B34: ATORVASTATINA (COMO SAL CALCICA) | C34: 20 mg | D34: TABLETA | F34: NORMO STOCK
A35: 00904 | B35: ATORVASTATINA (COMO SAL CALCICA) | C35: 40 mg | D35: TABLETA | F35: NORMO STOCK
A36: 00909 | B36: ATROPINA SULFATO | C36: 500 µg/mL (0.5 mg/mL) | D36: INYECTABLE | E36: 1 mL | F36: SOBRE STOCK
A37: 00910 | B37: ATROPINA SULFATO | C37: 1 mg/mL | D37: INYECTABLE | E37: 1 mL | F37: SUB STOCK
A38: 00914 | B38: ATROPINA SULFATO (SOLUCION OFTALMICA) | C38: 10 mg/mL (1 %) | D38: SOLUCION | E38: 5 mL | F38: No Rota
A39: 00939 | B39: AZITROMICINA | C39: 200 mg/5 mL | D39: SUSPENSION | E39: 60 mL | F39: NORMO STOCK
A40: 00946 | B40: AZITROMICINA | C40: 250 mg | D40: TABLETA | F40: DESABASTECIDO
A41: 00947 | B41: AZITROMICINA | C41: 500 mg | D41: TABLETA | F41: NORMO STOCK
A42: 00958 | B42: AZTREONAM | C42: 1 g | D42: INYECTABLE | F42: No Rota
A43: 00990 | B43: BACLOFENO | C43: 10 mg | D43: TABLETA | F43: NORMO STOCK
A44: 01009 | B44: BECLOMETASONA DIPROPIONATO | C44: 250 µg/DOSIS | D44: AEROSOL | E44: 200 DOSIS | F44: SOBRE STOCK
A45: 01032 | B45: BENCILPENICILINA SODICA | C45: 1000000 UI | D45: INYECTABLE | F45: SOBRE STOCK
A46: 01043 | B46: BENCILPENICILINA BENZATINA | C46: 1200000 UI | D46: INYECTABLE | F46: NORMO STOCK
A47: 01053 | B47: BENZOATO DE BENCILO | C47: 25 g/100 mL (25 %) | D47: LOCION | E47: 120 mL | F47: DESABASTECIDO
A48: 01205 | B48: BETAMETASONA (COMO DIPROPIONATO) | C48: 50 mg/100 g (0.05 %) | D48: CREMA | E48: 20 g | F48: DESABASTECIDO
A49: 01213 | B49: BETAMETASONA (COMO FOSFATO SODICO) | C49: 4 mg/mL | D49: INYECTABLE | E49: 1 mL | F49: SUB STOCK
A50: 01243 | B50: BIPERIDENO CLORHIDRATO | C50: 2 mg | D50: TABLETA | F50: SOBRE STOCK
A51: 01274 | B51: BISOPROLOL FUMARATO | C51: 5 mg | D51: TABLETA | F51: No Rota
A52: 01323 | B52: BROMOCRIPTINA (COMO MESILATO) | C52: 2.5 mg | D52: TABLETA | F52: SUB STOCK
A53: 01344 | B53: BROMURO DE ROCURONIO | C53: 10 mg/mL | D53: INYECTABLE | E53: 5 mL | F53: SOBRE STOCK
A54: 01346 | B54: BROMURO DE VECURONIO | C54: 4 mg/mL | D54: INYECTABLE | E54: 1 mL | F54: SOBRE STOCK
A55: 01358 | B55: BUDESONIDA | C55: 200 µg/DOSIS | D55: AEROSOL | E55: 200 DOSIS | F55: SUB STOCK
A56: 01378 | B56: BUPIVACAINA CLORHIDRATO (SIN PRESERVANTES) | C56: 5 mg/mL (0.5 %) | D56: INYECTABLE | E56: 20 mL | F56: NORMO STOCK
A57: 01391 | B57: CABERGOLINA | C57: 500 µg (0.5 mg) | D57: TABLETA | F57: SOBRE STOCK
A58: 01467 | B58: CALCIO GLUCONATO | C58: 100 mg/mL (Equiv. a 8.4 mg/mL de Calc | D58: INYECTABLE | E58: 10 mL | F58: NORMO STOCK
A59: 01522 | B59: CAPTOPRIL | C59: 25 mg | D59: TABLETA | F59: NORMO STOCK
A60: 01532 | B60: CARBAMAZEPINA | C60: 200 mg | D60: TABLETA | F60: SOBRE STOCK
A61: 01628 | B61: CEFALEXINA | C61: 250 mg/5 mL | D61: SUSPENSION | E61: 60 mL | F61: SOBRE STOCK
A62: 01636 | B62: CEFALEXINA | C62: 500 mg | D62: TABLETA | F62: SOBRE STOCK
A63: 01639 | B63: CEFAZOLINA (COMO SAL SODICA) | C63: 1 g | D63: INYECTABLE | F63: SUB STOCK
A64: 01657 | B64: CEFOTAXIMA (COMO SAL SODICA) | C64: 500 mg | D64: INYECTABLE | F64: DESABASTECIDO
A65: 01682 | B65: CEFTAZIDIMA | C65: 1 g | D65: INYECTABLE | F65: SOBRE STOCK
A66: 01684 | B66: CEFTRIAXONA SODICA | C66: 1 g | D66: INYECTABLE | F66: NORMO STOCK
A67: 01711 | B67: CEFUROXIMA (COMO AXETIL) | C67: 500 mg | D67: TABLETA | F67: SOBRE STOCK
A68: 01800 | B68: CILASTATINA + IMIPENEM (COMO SAL SODICA) | C68: 500 mg + 500 mg | D68: INYECTABLE | F68: No Rota
A69: 01837 | B69: CIPROFLOXACINO (COMO LACTATO) | C69: 200 mg/100 mL | D69: INYECTABLE | E69: 100 mL | F69: SUB STOCK
A70: 01841 | B70: CIPROFLOXACINO (COMO CLORHIDRATO)(SOLUCION OFTALMICA) | C70: 3 mg/mL (0.3 %) | D70: SOLUCION | E70: 5 mL | F70: SUB STOCK
A71: 01846 | B71: CIPROFLOXACINO (COMO CLORHIDRATO) | C71: 500 mg | D71: TABLETA | F71: NORMO STOCK
A72: 01930 | B72: CLARITROMICINA | C72: 500 mg | D72: TABLETA | F72: NORMO STOCK
A73: 01958 | B73: CLINDAMICINA (COMO FOSFATO) | C73: 600 mg | D73: INYECTABLE | E73: 4 mL | F73: NORMO STOCK
A74: 01964 | B74: CLINDAMICINA (COMO CLORHIDRATO) | C74: 300 mg | D74: TABLETA | F74: NORMO STOCK
A75: 02003 | B75: CLONAZEPAM | C75: 500 µg (0.5 mg) | D75: TABLETA | F75: NORMO STOCK
A76: 02004 | B76: CLONAZEPAM | C76: 2 mg | D76: TABLETA | F76: NORMO STOCK
A77: 02128 | B77: CLORFENAMINA MALEATO | C77: 10 mg/mL | D77: INYECTABLE | E77: 1 mL | F77: NORMO STOCK
A78: 02132 | B78: CLORFENAMINA MALEATO | C78: 2 mg/5 mL | D78: JARABE | E78: 120 mL | F78: SOBRE STOCK
A79: 02149 | B79: CLORFENAMINA MALEATO | C79: 4 mg | D79: TABLETA | F79: SUB STOCK
A80: 02188 | B80: CLORHEXIDINA | C80: 4 g/100 mL | D80: SOLUCION | E80: 120 mL | F80: NORMO STOCK
A81: 02269 | B81: CLORURO DE SUXAMETONIO | C81: 50 mg/mL | D81: INYECTABLE | E81: 10 mL | F81: SOBRE STOCK
A82: 02309 | B82: CLOTRIMAZOL | C82: 1 g/100 mL (1 %) | D82: SOLUCION | E82: 20 mL | F82: SOBRE STOCK
A83: 02319 | B83: CLOTRIMAZOL | C83: 1 g/100 g (1 %) | D83: CREMA | E83: 20 g | F83: SOBRE STOCK
A84: 02354 | B84: CLOTRIMAZOL | C84: 500 mg | D84: OVULO | F84: SOBRE STOCK
A85: 02381 | B85: CODEINA FOSFATO | C85: 30 mg/mL | D85: INYECTABLE | E85: 2 mL | F85: No Rota
A86: 02432 | B86: SOLUCIONES PARA NUTRICION PARENTERAL | D86: INYECTABLE | E86: 1 L | F86: SOBRE STOCK
A87: 02554 | B87: DANAZOL | C87: 200 mg | D87: TABLETA | F87: No Rota
A88: 02642 | B88: DEXAMETASONA FOSFATO (COMO SAL SODICA) | C88: 4 mg/2 mL | D88: INYECTABLE | E88: 2 mL | F88: SUB STOCK
A89: 02654 | B89: DEXAMETASONA | C89: 500 µg (0.5 mg) | D89: TABLETA | F89: SUB STOCK
A90: 02666 | B90: DEXMEDETOMIDINA | C90: 100 ug/mL | D90: INYECTABLE | E90: 2 mL | F90: No Rota
A91: 02724 | B91: DEXTROMETORFANO BROMHIDRATO | C91: 15 mg/5 mL | D91: JARABE | E91: 120 mL | F91: SOBRE STOCK
A92: 02752 | B92: DIAZEPAM | C92: 5 mg/mL | D92: INYECTABLE | E92: 2 mL | F92: NORMO STOCK
A93: 02754 | B93: DIAZEPAM | C93: 10 mg | D93: TABLETA | F93: NORMO STOCK
A94: 02788 | B94: DICLOFENACO SODICO | C94: 25 mg/mL | D94: INYECTABLE | E94: 3 mL | F94: NORMO STOCK
A95: 02830 | B95: DICLOXACILINA (COMO SAL SODICA) | C95: 250 mg/5 mL | D95: SUSPENSION | E95: 60 mL | F95: SOBRE STOCK
A96: 02836 | B96: DICLOXACILINA (COMO SAL SODICA) | C96: 500 mg | D96: TABLETA | F96: SOBRE STOCK
A97: 02862 | B97: DIGOXINA | C97: 250 µg (0.25 mg) | D97: TABLETA | F97: No Rota
A98: 02884 | B98: DIMENHIDRINATO | C98: 50 mg | D98: INYECTABLE | E98: 5 mL | F98: NORMO STOCK
A99: 02891 | B99: DIMENHIDRINATO | C99: 50 mg | D99: TABLETA | F99: SUB STOCK
A100: 02922 | B100: SIMETICONA | C100: 80 mg/mL | D100: SUSPENSION | E100: 15 mL | F100: SUB STOCK
...

Sheet Material Medico
A1: Tipo | B1: (Varios elementos)
A2: LISTA DE MEDICAMENTOS | E2: % de disponibilidad de medicamentos | F2: =((COUNTIF(F4:F600,"NORMO STOCK"))+(COUNTIF(F4:F600,"SOBRE STOCK")))/(((COUNTIF(F4:F600,"<>solid"))-(COUNTIF(F4:F600,"=No Rota"))-(COUNTBLANK(F4:F600)))) -> 0.60649819
A3: Etiquetas de fila | B3: Descripción | C3: Concentración | D3: Presentación | E3: Forma Farmacéutica | F3: Estado
A4: 08054 | B4: PRESERVATIVOS SIN NONOXINOL | D4: UNIDAD | F4: NORMO STOCK
A5: 08068 | B5: DISPOSITIVO INTRAUTERINO DE COBRE | D5: UNIDAD | F5: SOBRE STOCK
A6: 10145 | B6: AGUJA HIPODERMICA DESCARTABLE N° 18 G X 1 1/2" | D6: UNIDAD | F6: NORMO STOCK
A7: 10148 | B7: AGUJA HIPODERMICA DESCARTABLE N° 20 G X 1" | D7: UNIDAD | F7: SUB STOCK
A8: 10155 | B8: AGUJA HIPODERMICA DESCARTABLE N° 23 G X 1" | D8: UNIDAD | F8: SUB STOCK
A9: 10230 | B9: ALCOHOL ETILICO (ETANOL) | C9: 96° | D9: SOLUCION | E9: 1 L | F9: SOBRE STOCK
A10: 10244 | B10: ALGODON HIDROFILO | D10: UNIDAD | E10: 100 g | F10: NORMO STOCK
A11: 10246 | B11: ALGODON HIDROFILO | D11: UNIDAD | E11: 25 g | F11: SOBRE STOCK
A12: 10248 | B12: ALGODON HIDROFILO | D12: UNIDAD | E12: 50 g | F12: SOBRE STOCK
A13: 10249 | B13: ALGODON HIDROFILO | D13: UNIDAD | E13: 500 g | F13: NORMO STOCK
A14: 10256 | B14: ALITA DESCARTABLE N° 21 G X 3/4" | D14: UNIDAD | F14: NORMO STOCK
A15: 10299 | B15: APOSITO TRANSPARENTE ADHESIVO 10 cm X 12 cm | D15: UNIDAD | F15: DESABASTECIDO
A16: 10302 | B16: APOSITO TRANSPARENTE ADHESIVO 6 cm X 7 cm | D16: UNIDAD | F16: SUB STOCK
A17: 10355 | B17: BOLSA COLECTORA DE ORINA X 100 mL | D17: UNIDAD | F17: SOBRE STOCK
A18: 10363 | B18: BOLSA COLECTORA DE ORINA X 2 L | D18: UNIDAD | F18: SUB STOCK
A19: 10367 | B19: BOLSA DE COLOSTOMIA ADULTO | D19: UNIDAD | F19: SOBRE STOCK
A20: 10369 | B20: BOLSA DE NUTRICION PARENTERAL 1 L | D20: UNIDAD | F20: SOBRE STOCK
A21: 10370 | B21: BOLSA PARA NUTRICION PARENTERAL X 3 L | D21: UNIDAD | F21: No Rota
A22: 10372 | B22: BOLSA DE TRANSFERENCIA DE PLASMA 300 mL | D22: UNIDAD | F22: NORMO STOCK
A23: 10386 | B23: BRAZALETE DE IDENTIFICACION PARA RECIEN NACIDO (BLANCO) | D23: UNIDAD | F23: NORMO STOCK
A24: 10419 | B24: CANULA BINASAL PARA OXIGENO PEDIATRICO | D24: UNIDAD | F24: NORMO STOCK
A25: 10428 | B25: CANULA PARA TRAQUEOSTOMIA Nº 8 | D25: UNIDAD | F25: No Rota
... A67: 17013 | B67: SONDA DE ASPIRACION ENDOTRAQUEAL CIRCUITO CERRADO Nº 14 | D67: UNIDAD | F67: SUB STOCK
A68: 17029 | B68: SONDA VESICAL | C68: 2 VIAS DESCARTABLE | D68: UNIDAD | E68: Nº 14 | F68: NORMO STOCK
A69: 17030 | B69: SONDA VESICAL | C69: 2 VIAS DESCARTABLE | D69: UNIDAD | E69: Nº 16 | F69: NORMO STOCK
A70: 17045 | B70: SONDA VESICAL | C70: 3 VIAS DESCARTABLE | D70: UNIDAD | E70: Nº 16 | F70: SOBRE STOCK
A71: 17049 | B71: SONDA VESICAL | C71: 3 VIAS DESCARTABLE | D71: UNIDAD | E71: Nº 18 CON BALON 50 mL | F71: No Rota
A72: 17074 | B72: SONDA NASOGASTRICA Nº 14 | D72: UNIDAD | F72: SOBRE STOCK
A73: 17075 | B73: SONDA NASOGASTRICA Nº 16 | D73: UNIDAD | F73: SOBRE STOCK
A74: 17083 | B74: SONDA VESICAL TIPO NELATON | D74: UNIDAD | E74: N° 14 | F74: SUB STOCK
A75: 17090 | B75: SONDA VESICAL TIPO NELATON | D75: UNIDAD | E75: Nº 12 | F75: SOBRE STOCK
A76: 18225 | B76: EQUIPO MICROGOTERO CON CAMARA GRADUADA 150 mL | D76: UNIDAD | F76: DESABASTECIDO
A77: 18326 | B77: BOLSA DE NUTRICION PARENTERAL 250 mL | D77: UNIDAD | F77: SUB STOCK
A78: 18327 | B78: BOLSA PARA NUTRICION PARENTERAL X 500 mL | D78: UNIDAD | F78: SOBRE STOCK
A79: 18381 | B79: APOSITO DE GASA Y ALGODON ESTERIL 10 cm X 20 cm | D79: UNIDAD | F79: SOBRE STOCK
A80: 18522 | B80: APOSITO DE GASA Y ALGODON ESTERIL 10 cm X 10 cm | D80: UNIDAD | F80: SOBRE STOCK
A81: 18940 | B81: COMPRESA DE GASA QUIRURGICA 48 cm X 48 cm | D81: UNIDAD | F81: SUB STOCK
A82: 18952 | B82: INSPIROMETRO INCENTIVO PARA TERAPIA RESPIRATORIA | D82: UNIDAD | F82: DESABASTECIDO
A83: 18955 | B83: MANTA TERMICA PEDIATRICO 0.91 m X 0.84 m | D83: UNIDAD | F83: NORMO STOCK
A84: 19116 | B84: SUTURA SEDA NEGRA TRENZADA 5/0 C/A 1/2 CIRCULO REDONDA 20 mm x 75 cm | D84: UNIDAD | F84: DESABASTECIDO
A85: 19174 | B85: SUTURA NYLON AZUL MONOFILAMENTO 3/0 C/A 3/8 CIRCULO CORTANTE 25 mm X 75 cm | D85: UNIDAD | F85: DESABASTECIDO
A86: 19232 | B86: SUTURA SEDA NEGRA TRENZADA 3/0 C/A 3/8 CIRCULO CORTANTE 25 mm X 75 cm | D86: UNIDAD | F86: NORMO STOCK
A87: 19244 | B87: CATETER DRENAJE TORAXICO Nº8 F | D87: UNIDAD | F87: SOBRE STOCK
... A97: 19635 | B97: CATETER PERCUTANEO 1.9 FR CON AGUJA INTRODUCTORA Nº 26 | D97: UNIDAD | F97: SUB STOCK
A98: 19636 | B98: CATETER UMBILICAL VENOSO | C98: 5.0 FR | D98: UNIDAD | F98: DESABASTECIDO
A99: 19719 | B99: CATETER ENDOVENOSO PERIFERICO Nº 24 G X 3/4" CON DISPOSITIVO DE BIOSEGURIDAD | D99: UNIDAD | F99: SUB STOCK
A100: 19850 | B100: EXTENSION PARA EQUIPO DE VENOCLISIS DOBLE LUMEN NEONATAL | D100: UNIDAD | F100: SUB STOCK
A101: 19855 | B101: CATETER DRENAJE TORAXICO CON TROCAR Nº10 F | D101: UNIDAD | F101: SOBRE STOCK
A102: 19875 | B102: JERINGA DESCARTABLE DE TUBERCULINA 1 mL CON AGUJA 25 G X 5/8" | D102: UNIDAD | F102: DESABASTECIDO
A103: 20043 | B103: CONECTOR BIFURCADO CON ADAPTADOR EN Y ADULTO | D103: UNIDAD | F103: SOBRE STOCK
A104: 20086 | B104: SONDA NASOGASTRICA DE SILICONA Nº 14 | D104: UNIDAD | F104: NORMO STOCK
A105: 20284 | B105: BOLSA DE COLOSTOMIA NEONATAL | D105: UNIDAD | F105: NORMO STOCK
A106: 20361 | B106: LLAVE DE TRIPLE VIA CON EXTENSION X 50 cm | D106: UNIDAD | F106: NORMO STOCK
A107: 20496 | B107: SUTURA DE LINO MULTIEMPAQUE 1 C/A 1/2 CIRCULO REDONDA 40 cm X 50 cm | D107: UNIDAD | F107: SUB STOCK
A108: 20684 | B108: CANULA PARA TRAQUEOSTOMIA Nº 3.5 X 40 mm | D108: UNIDAD | F108: DESABASTECIDO
A109: 20707 | B109: TUBO DE ASPIRACION TRANSPARENTE 5/16 X 7/16 X 2.5 m | D109: UNIDAD | F109: No Rota
A110: 20737 | B110: CATETER UMBILICAL VENOSO | C110: 4.0 FR | D110: UNIDAD | F110: DESABASTECIDO
A111: 20803 | B111: APOSITO TRANSPARENTE ADHESIVO 4 cm X 4 cm | D111: UNIDAD | F111: NORMO STOCK
A112: 20810 | B112: BENCINA RECTIFICADA | D112: SOLUCION | E112: 1 L | F112: SOBRE STOCK
A113: 21197 | B113: TUBO DE ASPIRACION TRANSPARENTE 5/16 X 7/16 X 2 m | D113: UNIDAD | F113: No Rota
A114: 21421 | B114: BOLSA COLECTORA DE SANGRE CUADRUPLE X 450 mL CON MANITOL | D114: UNIDAD | F114: SUB STOCK
A115: 21519 | B115: SUTURA CATGUT CROMICO 2/0 C/A 1/2 CIRCULO REDONDA 40 mm X 100 cm | D115: UNIDAD | F115: DESABASTECIDO
A116: 22110 | B116: PAÑAL DESCARTABLE TIPO CALZON PARA PREMATUROS HASTA 2.2 Kg | D116: UNIDAD | F116: No Rota
A117: 22211 | B117: PRUEBA RAPIDA PARA HEPATITIS B | D117: KIT | E117: 30 DET | F117: No Rota
A118: 22252 | B118: TUBO ENDOTRAQUEAL DESCARTABLE Nº 7.5 CON BALON | D118: UNIDAD | F118: SOBRE STOCK
A119: 22357 | B119: APOSITO HIDROCOLOIDE EXTRAFINO 10 cm X 10 cm | D119: UNIDAD | F119: SOBRE STOCK
A120: 22362 | B120: TUBO ENDOTRAQUEAL DESCARTABLE Nº 6.5 CON BALON | D120: UNIDAD | F120: SOBRE STOCK
A121: 22364 | B121: TUBO ENDOTRAQUEAL DESCARTABLE Nº 6.0 CON BALON | D121: UNIDAD | F121: No Rota
A122: 22365 | B122: TUBO ENDOTRAQUEAL DESCARTABLE Nº 7.0 CON BALON | D122: UNIDAD | F122: NORMO STOCK
A123: 22405 | B123: ENVASE DE PLASTICO CON TAPA ROSCA PARA ESPUTO 60 mL | D123: UNIDAD | F123: NORMO STOCK
A124: 22451 | B124: SUTURA DE POLIDIOXANONA 3/0 C/A 1/2 CIRCULO REDONDA 26 mm X 70 cm | D124: UNIDAD | F124: SOBRE STOCK
A125: 22454 | B125: JERINGA DESCARTABLE 3 mL PARA GASES ARTERIALES Y ELECTROLITOS CON HEPARINA DE LITIO | D125: UNIDAD | F125: NORMO STOCK
A126: 22556 | B126: SUJETADOR DE TUBO ENDOTRAQUEAL UNIVERSAL | D126: UNIDAD | F126: DESABASTECIDO
A127: 22626 | B127: FILTRO ANTIBACTERIAL VIRAL + INTERCAMBIADOR DE CALOR HUMEDAD ADULTO PARA CIRCUITO CORRUGADO | D127: UNIDAD | F127: SOBRE STOCK
A128: 22644 | B128: SUTURA ACIDO POLIGLACTIN 5/0 C/A 1/2 CIRCULO REDONDA 17 mm X 70 cm | D128: UNIDAD | F128: SOBRE STOCK
A129: 22647 | B129: SUTURA DE POLIGLECAPRONE 5/0 C/A 1/2 CIRCULO REDONDA 15 mm X 70 cm | D129: UNIDAD | F129: No Rota
... A136: 23112 | B136: GUANTE PARA EXAMEN DESCARTABLE TALLA M | D136: UNIDAD | F136: NORMO STOCK
A137: 23122 | B137: PROTECTOR CUTANEO HEXAMETILDISILOXANO+TERPOLIMERO ACRILATO+POLIFENILMETILSILOXAN | D137: AEROSOL | E137: 28 mL | F137: SUB STOCK
A138: 23126 | B138: MANGA DE POLIETILENO ESTERIL PARA LAPAROSCOPIA 18 cm X 2.5 m | D138: UNIDAD | F138: SUB STOCK
A139: 23127 | B139: MASCARILLA DESCARTABLE QUIRURGICA 3 PLIEGUES | D139: UNIDAD | F139: NORMO STOCK
A140: 23249 | B140: CATETER VENOSO CENTRAL DOBLE LUMEN 3 FR X 6 cm | D140: UNIDAD | F140: SUB STOCK
A141: 23416 | B141: PAÑO HUMEDO HIPOALERGENICO PARA BEBES X 100 HOJAS | D141: UNIDAD | F141: No Rota
A142: 23523 | B142: AGUJA EPIDURAL DESCARTABLE N° 18 G X 3 1/4" | D142: UNIDAD | F142: SUB STOCK
A143: 23542 | B143: CLIP DE TITANIO TIPO HORIZON ML X 6 | D143: UNIDAD | F143: NORMO STOCK
A144: 23577 | B144: CATETER VENOSO CENTRAL UN LUMEN 16 G X 13 cm | D144: UNIDAD | F144: SOBRE STOCK
A145: 23587 | B145: CATETER ENDOVENOSO PERIFERICO Nº 20 G X 1 1/4" CON DISPOSITIVO DE SEGURIDAD | D145: UNIDAD | F145: DESABASTECIDO
A146: 23596 | B146: SUTURA ACIDO POLIGLICOLICO 1 C/A 1/2 CIRCULO REDONDA 35 mm X 100 cm | D146: UNIDAD | F146: SUB STOCK
A147: 23738 | B147: AGUJA ESPINAL DESCARTABLE 27 G X 3 1/2" | D147: UNIDAD | F147: SUB STOCK
A148: 23959 | B148: SUTURA ACIDO POLIGLACTIN 4/0 C/A 1/2 CIRCULO REDONDA 17 mm X 70 cm | D148: UNIDAD | F148: NORMO STOCK
A149: 24014 | B149: SUTURA POLIPROPILEN AZUL MONOFILAMENTO 2/0 C/2A 1/2 CIRCULO REDONDA 26 mm X 90 cm | D149: UNIDAD | F149: SOBRE STOCK
... A194: 28661 | B194: CARTUCHO PARA ANALIZADOR DE GASES ARTERIALES Y ELECTROLITOS EG7+ | D194: UNIDAD | F194: No Rota
A195: 28776 | B195: PRUEBA RAPIDA PARA VIH 1-2 y SIFILIS | D195: KIT | E195: 25 DET | F195: SUB STOCK
A196: 28777 | B196: MICROCUBETA DESCARTABLE PARA HEMOGLOBINOMETRO PORTATIL | D196: UNIDAD | F196: NORMO STOCK
A197: 29208 | B197: JUEGO CIRCUITO CORRUGADO ADULTO PARA EQUIPO DE ANESTESIA | D197: UNIDAD | F197: SUB STOCK
A198: 29441 | B198: SUTURA DE POLIPROPILENO AZUL MONOFILAMENTO 4/0 C/DOBLE AGUJA 1/2 CIRCULO REDONDA 17 mm X 75 cm | D198: UNIDAD | F198: SOBRE STOCK
A199: 29496 | B199: MASCARA DE OXIGENO DESCARTABLE NEONATAL Nº 1 | D199: UNIDAD | F199: SOBRE STOCK
A200: 29524 | B200: PLACA NEUTRA NEONATAL DESCARTABLE PARA ELECTROBISTURI | D200: UNIDAD | F200: SOBRE STOCK
...

Sheet SOP
A1: TRAZADORES DE SALA DE OPERACIONES | E1: % de disponibilidad de medicamentos esenciales | F1: =((COUNTIF(F3:F33,"SOBRE STOCK"))+(COUNTIF(F3:F33,"NORMO STOCK")))/(COUNTIF(F3:F33,"<>solid")-(COUNTIF(F3:F33,"No Rota"))-(COUNTIF(F3:F33,"No Manejado"))) -> #DIV/0!
A2: SISMED | B2: DESCRIPCION DEL MEDICAMENTOS | C2: CONCENTRACION | D2: PRESENTACION | E2: FORMA FARMACEUTICA | F2: ESTADO
A3: 00223 | B3: ACIDO TRANEXAMICO | C3: 1 g | D3: INYECTABLE | E3: 10 mL | F3: =IFERROR(VLOOKUP(A3,TblDisponibilidad[],23,FALSE),"No Manejado") -> No Manejado
A4: 00909 | B4: ATROPINA SULFATO | C4: 500 µg/mL (0.5 mg/mL) | D4: INYECTABLE | E4: 1 mL | F4: =IFERROR(VLOOKUP(A4,TblDisponibilidad[],23,FALSE),"No Manejado") -> No Manejado
A5: 01344 | B5: BROMURO DE ROCURONIO | C5: 10 mg/mL | D5: INYECTABLE | E5: 5 mL | F5: =IFERROR(VLOOKUP(A5,TblDisponibilidad[],23,FALSE),"No Manejado") -> No Manejado
A6: 01378 | B6: BUPIVACAINA CLORHIDRATO (SIN PRESERVANTES) | C6: 5 mg/mL (0.5 %) | D6: INYECTABLE | E6: 20 mL | F6: =IFERROR(VLOOKUP(A6,TblDisponibilidad[],23,FALSE),"No Manejado") -> No Manejado
A7: 19239 | B7: BUPIVACAINA CLORHIDRATO + DEXTROSA | C7: 20 mg + 320 mg | D7: INYECTABLE | E7: 4 mL | F7: =IFERROR(VLOOKUP(A7,TblDisponibilidad[],23,FALSE),"No Manejado") -> No Manejado
A8: 01639 | B8: CEFAZOLINA (COMO SAL SODICA) | C8: 1 g | D8: INYECTABLE | F8: =IFERROR(VLOOKUP(A8,TblDisponibilidad[],23,FALSE),"No Manejado") -> No Manejado
A9: 01684 | B9: CEFTRIAXONA SODICA | C9: 1 g | D9: INYECTABLE | F9: =IFERROR(VLOOKUP(A9,TblDisponibilidad[],23,FALSE),"No Manejado") -> No Manejado
A10: 02269 | B10: CLORURO DE SUXAMETONIO | C10: 50 mg/mL | D10: INYECTABLE | E10: 10 mL | F10: =IFERROR(VLOOKUP(A10,TblDisponibilidad[],23,FALSE),"No Manejado") -> No Manejado
A11: 02642 | B11: DEXAMETASONA FOSFATO (COMO SAL SODICA) | C11: 4 mg/2 mL | D11: INYECTABLE | E11: 2 mL | F11: =IFERROR(VLOOKUP(A11,TblDisponibilidad[],23,FALSE),"No Manejado") -> No Manejado
A12: 03139 | B12: ERGOMETRINA MALEATO | C12: 200 µg/mL (0.2 mg/mL) | D12: INYECTABLE | E12: 1 mL | F12: =IFERROR(VLOOKUP(A12,TblDisponibilidad[],23,FALSE),"No Manejado") -> No Manejado
A13: 03317 | B13: ETILEFRINA | C13: 10 mg/mL | D13: INYECTABLE | E13: 1 mL | F13: =IFERROR(VLOOKUP(A13,TblDisponibilidad[],23,FALSE),"No Manejado") -> No Manejado
A14: 03501 | B14: FENTANILO | C14: 50 µg/mL | D14: INYECTABLE | E14: 10 mL | F14: =IFERROR(VLOOKUP(A14,TblDisponibilidad[],23,FALSE),"No Manejado") -> No Manejado
A15: 26362 | B15: HIDROCORTISONA (COMO SUCCINATO SODICO) | C15: 100 mg | D15: INYECTABLE | F15: =IFERROR(VLOOKUP(A15,TblDisponibilidad[],23,FALSE),"No Manejado") -> No Manejado
A16: 04187 | B16: KETAMINA (COMO CLORHIDRATO) | C16: 50 mg/mL | D16: INYECTABLE | E16: 10 mL | F16: =IFERROR(VLOOKUP(A16,TblDisponibilidad[],23,FALSE),"No Manejado") -> No Manejado
A17: 04398 | B17: LIDOCAINA CLORHIDRATO + EPINEFRINA | C17: 20 mg + 10 ug/mL | D17: INYECTABLE | E17: 20 mL | F17: =IFERROR(VLOOKUP(A17,TblDisponibilidad[],23,FALSE),"No Manejado") -> No Manejado
A18: 04390 | B18: LIDOCAINA CLORHIDRATO SIN PRESERVANTES | C18: 2 g/100 mL (2 %) | D18: INYECTABLE | E18: 20 mL | F18: =IFERROR(VLOOKUP(A18,TblDisponibilidad[],23,FALSE),"No Manejado") -> No Manejado
A19: 04677 | B19: METAMIZOL SODICO | C19: 1 g | D19: INYECTABLE | E19: 2 mL | F19: =IFERROR(VLOOKUP(A19,TblDisponibilidad[],23,FALSE),"No Manejado") -> No Manejado
A20: 04743 | B20: METOCLOPRAMIDA CLORHIDRATO | C20: 5 mg/mL | D20: INYECTABLE | E20: 2 mL | F20: =IFERROR(VLOOKUP(A20,TblDisponibilidad[],23,FALSE),"No Manejado") -> No Manejado
A21: 04831 | B21: MIDAZOLAM | C21: 5 mg | D21: INYECTABLE | E21: 5 mL | F21: =IFERROR(VLOOKUP(A21,TblDisponibilidad[],23,FALSE),"No Manejado") -> No Manejado
A22: 04847 | B22: MISOPROSTOL | C22: 200 µg | D22: TABLETA | F22: =IFERROR(VLOOKUP(A22,TblDisponibilidad[],23,FALSE),"No Manejado") -> No Manejado
A23: 04900 | B23: MORFINA (CLORHIDRATO) | C23: 10 mg | D23: INYECTABLE | E23: 1 mL | F23: =IFERROR(VLOOKUP(A23,TblDisponibilidad[],23,FALSE),"No Manejado") -> No Manejado
A24: 05009 | B24: NEOSTIGMINA METILSULFATO | C24: 500 µg/mL | D24: INYECTABLE | E24: 1 mL | F24: =IFERROR(VLOOKUP(A24,TblDisponibilidad[],23,FALSE),"No Manejado") -> No Manejado
A25: 05157 | B25: ONDANSETRON (COMO CLORHIDRATO) | C25: 2 mg/mL | D25: INYECTABLE | E25: 4 mL | F25: =IFERROR(VLOOKUP(A25,TblDisponibilidad[],23,FALSE),"No Manejado") -> No Manejado
A26: 05253 | B26: OXITOCINA | C26: 10 UI | D26: INYECTABLE | E26: 1 mL | F26: =IFERROR(VLOOKUP(A26,TblDisponibilidad[],23,FALSE),"No Manejado") -> No Manejado
A27: 05408 | B27: PETIDINA CLORHIDRATO | C27: 50 mg/mL | D27: INYECTABLE | E27: 2 mL | F27: =IFERROR(VLOOKUP(A27,TblDisponibilidad[],23,FALSE),"No Manejado") -> No Manejado
A28: 19166 | B28: GELATINA SUCCINILATADA | C28: 4 g/100 mL | D28: INYECTABLE | E28: 500 mL | F28: =IFERROR(VLOOKUP(A28,TblDisponibilidad[],23,FALSE),"No Manejado") -> No Manejado
A29: 05626 | B29: PROPOFOL | C29: 10 mg/mL (1 %) | D29: INYECTABLE | E29: 20 mL | F29: =IFERROR(VLOOKUP(A29,TblDisponibilidad[],23,FALSE),"No Manejado") -> No Manejado
A30: 05658 | B30: RANITIDINA (COMO CLORHIDRATO) | C30: 25 mg/mL | D30: INYECTABLE | E30: 2 mL | F30: =IFERROR(VLOOKUP(A30,TblDisponibilidad[],23,FALSE),"No Manejado") -> No Manejado
A31: 05809 | B31: SEVOFLURANO | C31: 100 mL/100 mL | D31: SOLUCION | E31: 250 mL | F31: =IFERROR(VLOOKUP(A31,TblDisponibilidad[],23,FALSE),"No Manejado") -> No Manejado
A32: 05873 | B32: SODIO CLORURO | C32: 900 mg/100 mL (0.9 %) | D32: INYECTABLE | E32: 1 L | F32: =IFERROR(VLOOKUP(A32,TblDisponibilidad[],23,FALSE),"No Manejado") -> No Manejado
A33: 06231 | B33: TRAMADOL CLORHIDRATO | C33: 50 mg/mL | D33: INYECTABLE | E33: 1 mL | F33: =IFERROR(VLOOKUP(A33,TblDisponibilidad[],23,FALSE),"No Manejado") -> No Manejado

Sheet Medicamento. Estrategia
A1: LISTA DE MEDICAMENTOS ESTRATEGIA | E1: % de disponibilidad de medicamentos esenciales | F1: =((COUNTIF(F3:F29,"SOBRE STOCK"))+(COUNTIF(F3:F29,"NORMO STOCK")))/(COUNTIF(F3:F29,"<>solid")-(COUNTIF(F3:F29,"No Rota"))-(COUNTIF(F3:F29,"No Manejado"))) -> #DIV/0!
A2: SISMED | B2: DESCRIPCION DEL MEDICAMENTOS | C2: CONCENTRACION | D2: PRESENTACION | E2: FORMA FARMACEUTICA | F2: ESTADO
A3: 38085 | B3: ATAZANAVIR + RITONAVIR | C3: 300 mg + 100 mg | E3: TABLETA | F3: =IFERROR(VLOOKUP(A3,TblDisponibilidad[],23,FALSE),"No Manejado") -> No Manejado
A4: 41842 | B4: DOLUTEGRAVIR + LAMIVUDINA + TENOFOVIR | C4: 50 mg + 300 mg + 300 mg | E4: TABLETA | F4: =IFERROR(VLOOKUP(A4,TblDisponibilidad[],23,FALSE),"No Manejado") -> No Manejado
A5: 17703 | B5: EFAVIRENZ | C5: 600 mg | E5: TABLETA | F5: =IFERROR(VLOOKUP(A5,TblDisponibilidad[],23,FALSE),"No Manejado") -> No Manejado
A6: 45074 | B6: EFAVIRENZ + LAMIVUDINA + TENOFOVIR | C6: 400 mg + 300 mg + 300 mg | E6: TABLETA | F6: =IFERROR(VLOOKUP(A6,TblDisponibilidad[],23,FALSE),"No Manejado") -> No Manejado
A7: 30437 | B7: EMTRICITABINA + TENOFOVIR | C7: 200 mg + 300 mg | D7: 20 mL | E7: TABLETA | F7: =IFERROR(VLOOKUP(A7,TblDisponibilidad[],23,FALSE),"No Manejado") -> No Manejado
A8: 03302 | B8: ETAMBUTOL CLORHIDRATO | C8: 400 mg | D8: 3 mL | E8: TABLETA | F8: =IFERROR(VLOOKUP(A8,TblDisponibilidad[],23,FALSE),"No Manejado") -> No Manejado
A9: 18102 | B9: ETINILESTRADIOL + LEVONORGESTREL (BLISTER) | C9: 30 µg + 150 µg | E9: TABLETA | F9: =IFERROR(VLOOKUP(A9,TblDisponibilidad[],23,FALSE),"No Manejado") -> No Manejado
A10: 03351 | B10: ETONOGESTREL (IMPLANTE) | C10: 68 mg | E10: UNIDAD | F10: =IFERROR(VLOOKUP(A10,TblDisponibilidad[],23,FALSE),"No Manejado") -> No Manejado
A11: 28551 | B11: HIERRO POLIMALTOSA | C11: 50 mg/mL | E11: SOLUCION | F11: =IFERROR(VLOOKUP(A11,TblDisponibilidad[],23,FALSE),"No Manejado") -> No Manejado
A12: 29409 | B12: INMUNOGLOBULINA ANTIHEPATITIS B | C12: 200 UI/mL | E12: INYECTABLE | F12: =IFERROR(VLOOKUP(A12,TblDisponibilidad[],23,FALSE),"No Manejado") -> No Manejado
A13: 04168 | B13: ISONIAZIDA | C13: 100 mg | E13: TABLETA | F13: =IFERROR(VLOOKUP(A13,TblDisponibilidad[],23,FALSE),"No Manejado") -> No Manejado
A14: 04184 | B14: ITRACONAZOL | C14: 100 mg | E14: TABLETA | F14: =IFERROR(VLOOKUP(A14,TblDisponibilidad[],23,FALSE),"No Manejado") -> No Manejado
A15: 04323 | B15: LAMIVUDINA | C15: 10 mg/ mL | E15: SOLUCION | F15: =IFERROR(VLOOKUP(A15,TblDisponibilidad[],23,FALSE),"No Manejado") -> No Manejado
A16: 04328 | B16: LAMIVUDINA | C16: 150 mg | E16: TABLETA | F16: =IFERROR(VLOOKUP(A16,TblDisponibilidad[],23,FALSE),"No Manejado") -> No Manejado
A17: 04326 | B17: LAMIVUDINA | C17: 50 mg/5 mL | E17: SOLUCION | F17: =IFERROR(VLOOKUP(A17,TblDisponibilidad[],23,FALSE),"No Manejado") -> No Manejado
A18: 38680 | B18: LEVONORGESTREL | C18: 750 µg | E18: TABLETA | F18: =IFERROR(VLOOKUP(A18,TblDisponibilidad[],23,FALSE),"No Manejado") -> No Manejado
A19: 18625 | B19: LOPINAVIR + RITONAVIR | C19: 200 mg + 50 mg | E19: TABLETA | F19: =IFERROR(VLOOKUP(A19,TblDisponibilidad[],23,FALSE),"No Manejado") -> No Manejado
A20: 04594 | B20: MEDROXIPROGESTERONA ACETATO | C20: 150 mg/mL | E20: INYECTABLE | F20: =IFERROR(VLOOKUP(A20,TblDisponibilidad[],23,FALSE),"No Manejado") -> No Manejado
... A29: 06570 | B29: ZIDOVUDINA | C29: 50 mg/5 mL | E29: JARABE | F29: =IFERROR(VLOOKUP(A29,TblDisponibilidad[],23,FALSE),"No Manejado") -> No Manejado

Sheet Material M. Estrategia
A1: LISTA DE MATERIAL MEDICO ESTRATEGIA | E1: % de disponibilidad de medicamentos esenciales | F1: =((COUNTIF(F3:F3,"SOBRE STOCK"))+(COUNTIF(F3:F3,"NORMO STOCK")))/(COUNTIF(F3:F3,"<>solid")-(COUNTIF(F3:F3,"No Rota"))-(COUNTIF(F3:F3,"No Manejado"))) -> #DIV/0!
A2: SISMED | B2: DESCRIPCION DEL MEDICAMENTOS | C2: CONCENTRACION | D2: PRESENTACION | E2: FORMA FARMACEUTICA | F2: ESTADO
A3: 08068 | B3: DISPOSITIVO INTRAUTERINO DE COBRE | F3: =IFERROR(VLOOKUP(A3,TblDisponibilidad[],23,FALSE),"No Manejado") -> No Manejado
A4: 30818 | B4: AGUJA DENTAL TIPO CARPULE DESCARTABLE Nº 27 G X 1" | F4: =IFERROR(VLOOKUP(A4,TblDisponibilidad[],23,FALSE),"No Manejado") -> No Manejado
A5: 10145 | B5: AGUJA HIPODERMICA DESCARTABLE N° 18 G X 1 1/2" | F5: =IFERROR(VLOOKUP(A5,TblDisponibilidad[],23,FALSE),"No Manejado") -> No Manejado
A6: 10148 | B6: AGUJA HIPODERMICA DESCARTABLE N° 20 G X 1" | F6: =IFERROR(VLOOKUP(A6,TblDisponibilidad[],23,FALSE),"No Manejado") -> No Manejado
A7: 10155 | B7: AGUJA HIPODERMICA DESCARTABLE N° 23 G X 1" | F7: =IFERROR(VLOOKUP(A7,TblDisponibilidad[],23,FALSE),"No Manejado") -> No Manejado
A8: 30589 | B8: AGUJA PARA BIOPSIA DE MAMA DESCARTABLE 14 G X 10 cm DE 2 PROFUNDIDADES | F8: =IFERROR(VLOOKUP(A8,TblDisponibilidad[],23,FALSE),"No Manejado") -> No Manejado
A9: 10244 | B9: ALGODON HIDROFILO | F9: =IFERROR(VLOOKUP(A9,TblDisponibilidad[],23,FALSE),"No Manejado") -> No Manejado
A10: 10246 | B10: ALGODON HIDROFILO | F10: =IFERROR(VLOOKUP(A10,TblDisponibilidad[],23,FALSE),"No Manejado") -> No Manejado
A11: 10248 | B11: ALGODON HIDROFILO | F11: =IFERROR(VLOOKUP(A11,TblDisponibilidad[],23,FALSE),"No Manejado") -> No Manejado
A12: 10249 | B12: ALGODON HIDROFILO | F12: =IFERROR(VLOOKUP(A12,TblDisponibilidad[],23,FALSE),"No Manejado") -> No Manejado
A13: 18522 | B13: APOSITO DE GASA Y ALGODON ESTERIL 10 cm X 10 cm | F13: =IFERROR(VLOOKUP(A13,TblDisponibilidad[],23,FALSE),"No Manejado") -> No Manejado
A14: 18381 | B14: APOSITO DE GASA Y ALGODON ESTERIL 10 cm X 20 cm | F14: =IFERROR(VLOOKUP(A14,TblDisponibilidad[],23,FALSE),"No Manejado") -> No Manejado
... A40: 19719 | B40: CATETER ENDOVENOSO PERIFERICO Nº 24 G X 3/4" CON DISPOSITIVO DE BIOSEGURIDAD | F40: =IFERROR(VLOOKUP(A40,TblDisponibilidad[],23,FALSE),"No Manejado") -> No Manejado

Sheet Material M. Esenciales
A1: LISTA DE MATERIAL MEDICO ESENCIALES | E1: % de disponibilidad de medicamentos esenciales | F1: =((COUNTIF(F3:F209,"SOBRE STOCK"))+(COUNTIF(F3:F209,"NORMO STOCK")))/(COUNTIF(F3:F209,"<>solid")-(COUNTIF(F3:F209,"No Rota"))-(COUNTIF(F3:F209,"No Manejado"))) -> #DIV/0!
A2: SISMED | B2: DESCRIPCION DEL MEDICAMENTOS | C2: CONCENTRACION | D2: PRESENTACION | E2: FORMA FARMACEUTICA | F2: ESTADO
A3: 30818 | B3: AGUJA DENTAL TIPO CARPULE DESCARTABLE Nº 27 G X 1" | F3: =IFERROR(VLOOKUP(A3,TblDisponibilidad[],23,FALSE),"No Manejado") -> No Manejado
A4: 10145 | B4: AGUJA HIPODERMICA DESCARTABLE N° 18 G X 1 1/2" | F4: =IFERROR(VLOOKUP(A4,TblDisponibilidad[],23,FALSE),"No Manejado") -> No Manejado
A5: 10148 | B5: AGUJA HIPODERMICA DESCARTABLE N° 20 G X 1" | F5: =IFERROR(VLOOKUP(A5,TblDisponibilidad[],23,FALSE),"No Manejado") -> No Manejado
A6: 10155 | B6: AGUJA HIPODERMICA DESCARTABLE N° 23 G X 1" | F6: =IFERROR(VLOOKUP(A6,TblDisponibilidad[],23,FALSE),"No Manejado") -> No Manejado
A7: 30589 | B7: AGUJA PARA BIOPSIA DE MAMA DESCARTABLE 14 G X 10 cm DE 2 PROFUNDIDADES | F7: =IFERROR(VLOOKUP(A7,TblDisponibilidad[],23,FALSE),"No Manejado") -> No Manejado
A8: 10244 | B8: ALGODON HIDROFILO | F8: =IFERROR(VLOOKUP(A8,TblDisponibilidad[],23,FALSE),"No Manejado") -> No Manejado
A9: 10246 | B9: ALGODON HIDROFILO | F9: =IFERROR(VLOOKUP(A9,TblDisponibilidad[],23,FALSE),"No Manejado") -> No Manejado
A10: 10248 | B10: ALGODON HIDROFILO | F10: =IFERROR(VLOOKUP(A10,TblDisponibilidad[],23,FALSE),"No Manejado") -> No Manejado
A11: 10249 | B11: ALGODON HIDROFILO | F11: =IFERROR(VLOOKUP(A11,TblDisponibilidad[],23,FALSE),"No Manejado") -> No Manejado
A12: 18522 | B12: APOSITO DE GASA Y ALGODON ESTERIL 10 cm X 10 cm | F12: =IFERROR(VLOOKUP(A12,TblDisponibilidad[],23,FALSE),"No Manejado") -> No Manejado
A13: 18381 | B13: APOSITO DE GASA Y ALGODON ESTERIL 10 cm X 20 cm | F13: =IFERROR(VLOOKUP(A13,TblDisponibilidad[],23,FALSE),"No Manejado") -> No Manejado
A14: 15231 | B14: APOSITO HIDROCOLOIDE 10 cm X 10 cm | F14: =IFERROR(VLOOKUP(A14,TblDisponibilidad[],23,FALSE),"No Manejado") -> No Manejado
... A209: 12808 | B209: VENDA ELASTICA 6" X 5 yd | F209: =IFERROR(VLOOKUP(A209,TblDisponibilidad[],23,FALSE),"No Manejado") -> No Manejado

Sheet Esenciales Nuevo
A1: LISTA DE MEDICAMENTOS ESENCIALES | E1: % de disponibilidad de medicamentos esenciales | F1: =((COUNTIF(F3:F219,"SOBRE STOCK"))+(COUNTIF(F3:F219,"NORMO STOCK")))/(COUNTIF(F3:F219,"<>solid")-(COUNTIF(F3:F219,"No Rota"))-(COUNTIF(F3:F219,"No Manejado"))) -> #DIV/0!
A2: SISMED | B2: DESCRIPCION DEL MEDICAMENTOS | C2: CONCENTRACION | D2: PRESENTACION | E2: FORMA FARMACEUTICA | F2: ESTADO
A3: 00143 | B3: ACICLOVIR | C3: 200 mg | E3: TABLETA | F3: =IFERROR(VLOOKUP(A3,TblDisponibilidad[],23,FALSE),"No Manejado") -> No Manejado
A4: 00132 | B4: ACICLOVIR (COMO SAL SODICA) | C4: 250 mg | D4: 10 mL | E4: INYECTABLE | F4: =IFERROR(VLOOKUP(A4,TblDisponibilidad[],23,FALSE),"No Manejado") -> No Manejado
A5: 00091 | B5: ACIDO ACETILSALICILICO | C5: 100 mg | E5: TABLETA | F5: =IFERROR(VLOOKUP(A5,TblDisponibilidad[],23,FALSE),"No Manejado") -> No Manejado
A6: 00200 | B6: ACIDO FOLICO | C6: 500 µg (0.5 mg) | E6: TABLETA | F6: =IFERROR(VLOOKUP(A6,TblDisponibilidad[],23,FALSE),"No Manejado") -> No Manejado
A7: 03513 | B7: ACIDO FOLICO + FERROSO SULFATO (Equiv. de Hierro elemental) | C7: 400 µg + 60 mg Fe | E7: TABLETA | F7: =IFERROR(VLOOKUP(A7,TblDisponibilidad[],23,FALSE),"No Manejado") -> No Manejado
A8: 00223 | B8: ACIDO TRANEXAMICO | C8: 1 g | D8: 10 mL | E8: INYECTABLE | F8: =IFERROR(VLOOKUP(A8,TblDisponibilidad[],23,FALSE),"No Manejado") -> No Manejado
A9: 00225 | B9: ACIDO TRANEXAMICO | C9: 250 mg | E9: TABLETA | F9: =IFERROR(VLOOKUP(A9,TblDisponibilidad[],23,FALSE),"No Manejado") -> No Manejado
A10: 00234 | B10: ADENOSINA | C10: 6 mg/2 mL | D10: 20 mL | E10: INYECTABLE | F10: =IFERROR(VLOOKUP(A10,TblDisponibilidad[],23,FALSE),"No Manejado") -> No Manejado
A11: 08013 | B11: AGUA PARA INYECCION | D11: 10 mL | E11: INYECTABLE | F11: =IFERROR(VLOOKUP(A11,TblDisponibilidad[],23,FALSE),"No Manejado") -> No Manejado
A12: 00259 | B12: ALBENDAZOL | C12: 100 mg/5 mL | E12: SUSPENSION | F12: =IFERROR(VLOOKUP(A12,TblDisponibilidad[],23,FALSE),"No Manejado") -> No Manejado
A13: 00269 | B13: ALBENDAZOL | C13: 200 mg | E13: TABLETA | F13: =IFERROR(VLOOKUP(A13,TblDisponibilidad[],23,FALSE),"No Manejado") -> No Manejado
A14: 00393 | B14: ALPRAZOLAM | C14: 500 µg (0.5 mg) | E14: TABLETA | F14: =IFERROR(VLOOKUP(A14,TblDisponibilidad[],23,FALSE),"No Manejado") -> No Manejado
A15: 18091 | B15: ALUMINIO HIDROXIDO + MAGNESIO HIDROXIDO | C15: 400 + 400 mg/5 mL | E15: SUSPENSION | F15: =IFERROR(VLOOKUP(A15,TblDisponibilidad[],23,FALSE),"No Manejado") -> No Manejado
A16: 00620 | B16: AMFOTERICINA B | C16: 50 mg | E16: INYECTABLE | F16: =IFERROR(VLOOKUP(A16,TblDisponibilidad[],23,FALSE),"No Manejado") -> No Manejado
A17: 00627 | B17: AMIKACINA (COMO SULFATO) | C17: 250 mg/ mL | D17: 120 mL | E17: INYECTABLE | F17: =IFERROR(VLOOKUP(A17,TblDisponibilidad[],23,FALSE),"No Manejado") -> No Manejado
A18: 00625 | B18: AMIKACINA (COMO SULFATO) | C18: 50 mg/mL | D18: 20 g | E18: INYECTABLE | F18: =IFERROR(VLOOKUP(A18,TblDisponibilidad[],23,FALSE),"No Manejado") -> No Manejado
A19: 00662 | B19: AMINOFILINA | C19: 25 mg/mL | E19: INYECTABLE | F19: =IFERROR(VLOOKUP(A19,TblDisponibilidad[],23,FALSE),"No Manejado") -> No Manejado
A20: 00663 | B20: AMIODARONA CLORHIDRATO | C20: 50 mg/mL | E20: INYECTABLE | F20: =IFERROR(VLOOKUP(A20,TblDisponibilidad[],23,FALSE),"No Manejado") -> No Manejado
A21: 00671 | B21: AMLODIPINO (COMO BESILATO) | C21: 10 mg | E21: TABLETA | F21: =IFERROR(VLOOKUP(A21,TblDisponibilidad[],23,FALSE),"No Manejado") -> No Manejado
A22: 00673 | B22: AMLODIPINO (COMO BESILATO) | C22: 5 mg | D22: 200 DOSIS | E22: TABLETA | F22: =IFERROR(VLOOKUP(A22,TblDisponibilidad[],23,FALSE),"No Manejado") -> No Manejado
A23: 00786 | B23: AMOXICILINA | C23: 250 mg/5 mL | D23: 5 mL | E23: SUSPENSION | F23: =IFERROR(VLOOKUP(A23,TblDisponibilidad[],23,FALSE),"No Manejado") -> No Manejado
A24: 00794 | B24: AMOXICILINA | C24: 250 mg/5 mL | E24: SUSPENSION | F24: =IFERROR(VLOOKUP(A24,TblDisponibilidad[],23,FALSE),"No Manejado") -> No Manejado
A25: 00808 | B25: AMOXICILINA | C25: 500 mg | D25: 1 mL | E25: TABLETA | F25: =IFERROR(VLOOKUP(A25,TblDisponibilidad[],23,FALSE),"No Manejado") -> No Manejado
A26: 00725 | B26: AMOXICILINA + ACIDO CLAVULANICO (COMO SAL POTASICA) | C26: 250 mg + 62.5 mg/5 mL | D26: 200 DOSIS | E26: SUSPENSION | F26: =IFERROR(VLOOKUP(A26,TblDisponibilidad[],23,FALSE),"No Manejado") -> No Manejado
A27: 00750 | B27: AMOXICILINA + ACIDO CLAVULANICO (COMO SAL POTASICA) | C27: 500 mg + 125 mg | D27: 20 mL | E27: TABLETA | F27: =IFERROR(VLOOKUP(A27,TblDisponibilidad[],23,FALSE),"No Manejado") -> No Manejado
A28: 00822 | B28: AMPICILINA (COMO SAL SODICA) + SULBACTAM (COMO SAL SODICA) | C28: 1 g + 500 mg | D28: 4 mL | E28: INYECTABLE | F28: =IFERROR(VLOOKUP(A28,TblDisponibilidad[],23,FALSE),"No Manejado") -> No Manejado
A29: 00830 | B29: AMPICILINA SODICA | C29: 1 g | E29: INYECTABLE | F29: =IFERROR(VLOOKUP(A29,TblDisponibilidad[],23,FALSE),"No Manejado") -> No Manejado
A30: 00900 | B30: ATENOLOL | C30: 100 mg | E30: TABLETA | F30: =IFERROR(VLOOKUP(A30,TblDisponibilidad[],23,FALSE),"No Manejado") -> No Manejado
A31: 00903 | B31: ATORVASTATINA (COMO SAL CALCICA) | C31: 20 mg | E31: TABLETA | F31: =IFERROR(VLOOKUP(A31,TblDisponibilidad[],23,FALSE),"No Manejado") -> No Manejado
A32: 00904 | B32: ATORVASTATINA (COMO SAL CALCICA) | C32: 40 mg | E32: TABLETA | F32: =IFERROR(VLOOKUP(A32,TblDisponibilidad[],23,FALSE),"No Manejado") -> No Manejado
A33: 00910 | B33: ATROPINA SULFATO | C33: 1 mg/mL | D33: 5 mL | E33: INYECTABLE | F33: =IFERROR(VLOOKUP(A33,TblDisponibilidad[],23,FALSE),"No Manejado") -> No Manejado
A34: 00909 | B34: ATROPINA SULFATO | C34: 500 µg/mL (0.5 mg/mL) | D34: 100 mL | E34: INYECTABLE | F34: =IFERROR(VLOOKUP(A34,TblDisponibilidad[],23,FALSE),"No Manejado") -> No Manejado
A35: 00914 | B35: ATROPINA SULFATO (SOLUCION OFTALMICA) | C35: 10 mg/mL (1 %) | E35: SOLUCION | F35: =IFERROR(VLOOKUP(A35,TblDisponibilidad[],23,FALSE),"No Manejado") -> No Manejado
A36: 00939 | B36: AZITROMICINA | C36: 200 mg/5 mL | E36: SUSPENSION | F36: =IFERROR(VLOOKUP(A36,TblDisponibilidad[],23,FALSE),"No Manejado") -> No Manejado
A37: 00947 | B37: AZITROMICINA | C37: 500 mg | E37: TABLETA | F37: =IFERROR(VLOOKUP(A37,TblDisponibilidad[],23,FALSE),"No Manejado") -> No Manejado
A38: 00990 | B38: BACLOFENO | C38: 10 mg | D38: 1 mL | E38: TABLETA | F38: =IFERROR(VLOOKUP(A38,TblDisponibilidad[],23,FALSE),"No Manejado") -> No Manejado
A39: 01009 | B39: BECLOMETASONA DIPROPIONATO | C39: S | D39: 120 mL | E39: AEROSOL | F39: =IFERROR(VLOOKUP(A39,TblDisponibilidad[],23,FALSE),"No Manejado") -> No Manejado
A40: 01043 | B40: BENCILPENICILINA BENZATINA | C40: 1200000 UI | E40: INYECTABLE | F40: =IFERROR(VLOOKUP(A40,TblDisponibilidad[],23,FALSE),"No Manejado") -> No Manejado
A41: 18048 | B41: BENCILPENICILINA BENZATINA CON DILUYENTE | C41: 2400000 UI | D41: 120 mL | E41: INYECTABLE | F41: =IFERROR(VLOOKUP(A41,TblDisponibilidad[],23,FALSE),"No Manejado") -> No Manejado
A42: 01032 | B42: BENCILPENICILINA SODICA | C42: 1000000 UI | D42: 10 mL | E42: INYECTABLE | F42: =IFERROR(VLOOKUP(A42,TblDisponibilidad[],23,FALSE),"No Manejado") -> No Manejado
A43: 18318 | B43: BENCILPENICILINA SODICA CON DILUYENTE | C43: 1000000 UI | D43: 20 g | E43: INYECTABLE | F43: =IFERROR(VLOOKUP(A43,TblDisponibilidad[],23,FALSE),"No Manejado") -> No Manejado
A44: 01053 | B44: BENZOATO DE BENCILO | C44: 25 g/100 mL (25 %) | E44: LOCION | F44: =IFERROR(VLOOKUP(A44,TblDisponibilidad[],23,FALSE),"No Manejado") -> No Manejado
A45: 01205 | B45: BETAMETASONA (COMO DIPROPIONATO) | C45: 50 mg/100 g (0.05 %) | D45: 2 mL | E45: CREMA | F45: =IFERROR(VLOOKUP(A45,TblDisponibilidad[],23,FALSE),"No Manejado") -> No Manejado
A46: 01213 | B46: BETAMETASONA (COMO FOSFATO SODICO) | C46: 4 mg/mL | E46: INYECTABLE | F46: =IFERROR(VLOOKUP(A46,TblDisponibilidad[],23,FALSE),"No Manejado") -> No Manejado
A47: 18213 | B47: BETAMETASONA DIPROPIONATO | C47: 50 mg/100 g | E47: CREMA | F47: =IFERROR(VLOOKUP(A47,TblDisponibilidad[],23,FALSE),"No Manejado") -> No Manejado
A48: 01243 | B48: BIPERIDENO CLORHIDRATO | C48: 2 mg | E48: TABLETA | F48: =IFERROR(VLOOKUP(A48,TblDisponibilidad[],23,FALSE),"No Manejado") -> No Manejado
A49: 01274 | B49: BISOPROLOL FUMARATO | C49: 5 mg | E49: TABLETA | F49: =IFERROR(VLOOKUP(A49,TblDisponibilidad[],23,FALSE),"No Manejado") -> No Manejado
A50: 01323 | B50: BROMOCRIPTINA (COMO MESILATO) | C50: 2.5 mg | E50: TABLETA | F50: =IFERROR(VLOOKUP(A50,TblDisponibilidad[],23,FALSE),"No Manejado") -> No Manejado
A51: 20622 | B51: BROMURO DE IPRATROPIO | C51: 20 µg/Dosis | E51: AEROSOL | F51: =IFERROR(VLOOKUP(A51,TblDisponibilidad[],23,FALSE),"No Manejado") -> No Manejado
A52: 01344 | B52: BROMURO DE ROCURONIO | C52: 10 mg/mL | E52: INYECTABLE | F52: =IFERROR(VLOOKUP(A52,TblDisponibilidad[],23,FALSE),"No Manejado") -> No Manejado
A53: 26361 | B53: BROMURO DE VECURONIO | C53: 4 mg | D53: 0.4 mL | E53: INYECTABLE | F53: =IFERROR(VLOOKUP(A53,TblDisponibilidad[],23,FALSE),"No Manejado") -> No Manejado
A54: 01346 | B54: BROMURO DE VECURONIO | C54: 4 mg/mL | D54: 0.6 mL | E54: INYECTABLE | F54: =IFERROR(VLOOKUP(A54,TblDisponibilidad[],23,FALSE),"No Manejado") -> No Manejado
A55: 01358 | B55: BUDESONIDA | C55: 200 µg/DOSIS | D55: 1 mL | E55: AEROSOL | F55: =IFERROR(VLOOKUP(A55,TblDisponibilidad[],23,FALSE),"No Manejado") -> No Manejado
A56: 01378 | B56: BUPIVACAINA CLORHIDRATO (SIN PRESERVANTES) | C56: 5 mg/mL (0.5 %) | D56: 1 mL | E56: INYECTABLE | F56: =IFERROR(VLOOKUP(A56,TblDisponibilidad[],23,FALSE),"No Manejado") -> No Manejado
A57: 19239 | B57: BUPIVACAINA CLORHIDRATO + DEXTROSA | C57: 20 mg + 320 mg | D57: 1 mL | E57: INYECTABLE | F57: =IFERROR(VLOOKUP(A57,TblDisponibilidad[],23,FALSE),"No Manejado") -> No Manejado
A58: 01391 | B58: CABERGOLINA | C58: 500 µg (0.5 mg) | E58: TABLETA | F58: =IFERROR(VLOOKUP(A58,TblDisponibilidad[],23,FALSE),"No Manejado") -> No Manejado
A59: 29001 | B59: CAFEINA CITRATO | C59: 20 mg/mL | D59: 120 mL | E59: INYECTABLE | F59: =IFERROR(VLOOKUP(A59,TblDisponibilidad[],23,FALSE),"No Manejado") -> No Manejado
A60: 01467 | B60: CALCIO GLUCONATO | C60: 100 mg/mL (Equiv. a 8.4 mg/mL de Calc | E60: INYECTABLE | F60: =IFERROR(VLOOKUP(A60,TblDisponibilidad[],23,FALSE),"No Manejado") -> No Manejado
A61: 01522 | B61: CAPTOPRIL | C61: 25 mg | D61: 10 mL | E61: TABLETA | F61: =IFERROR(VLOOKUP(A61,TblDisponibilidad[],23,FALSE),"No Manejado") -> No Manejado
A62: 01532 | B62: CARBAMAZEPINA | C62: 200 mg | D62: 180 mL | E62: TABLETA | F62: =IFERROR(VLOOKUP(A62,TblDisponibilidad[],23,FALSE),"No Manejado") -> No Manejado
A63: 20635 | B63: CARBONATO DE CALCIO | C63: 1.25 g (Equiv. a 500 mg de Calcio) | D63: 100 mL | E63: TABLETA | F63: =IFERROR(VLOOKUP(A63,TblDisponibilidad[],23,FALSE),"No Manejado") -> No Manejado
A64: 01628 | B64: CEFALEXINA | C64: 250 mg/5 mL | D64: 10 mL | E64: SUSPENSION | F64: =IFERROR(VLOOKUP(A64,TblDisponibilidad[],23,FALSE),"No Manejado") -> No Manejado
A65: 01636 | B65: CEFALEXINA | C65: 500 mg | D65: 10 mL | E65: TABLETA | F65: =IFERROR(VLOOKUP(A65,TblDisponibilidad[],23,FALSE),"No Manejado") -> No Manejado
A66: 01639 | B66: CEFAZOLINA (COMO SAL SODICA) | C66: 1 g | D66: 50 mL | E66: INYECTABLE | F66: =IFERROR(VLOOKUP(A66,TblDisponibilidad[],23,FALSE),"No Manejado") -> No Manejado
A67: 01657 | B67: CEFOTAXIMA (COMO SAL SODICA) | C67: 500 mg | D67: 5 mL | E67: INYECTABLE | F67: =IFERROR(VLOOKUP(A67,TblDisponibilidad[],23,FALSE),"No Manejado") -> No Manejado
A68: 01682 | B68: CEFTAZIDIMA | C68: 1 g | D68: 10 mL | E68: INYECTABLE | F68: =IFERROR(VLOOKUP(A68,TblDisponibilidad[],23,FALSE),"No Manejado") -> No Manejado
A69: 18157 | B69: CEFTAZIDIMA CON DILUYENTE | C69: 1 g | D69: 20 mL | E69: INYECTABLE | F69: =IFERROR(VLOOKUP(A69,TblDisponibilidad[],23,FALSE),"No Manejado") -> No Manejado
A70: 01684 | B70: CEFTRIAXONA SODICA | C70: 1 g | D70: 180 mL | E70: INYECTABLE | F70: =IFERROR(VLOOKUP(A70,TblDisponibilidad[],23,FALSE),"No Manejado") -> No Manejado
A71: 01711 | B71: CEFUROXIMA (COMO AXETIL) | C71: 500 mg | D71: 2 mL | E71: TABLETA | F71: =IFERROR(VLOOKUP(A71,TblDisponibilidad[],23,FALSE),"No Manejado") -> No Manejado
A72: 01800 | B72: CILASTATINA + IMIPENEM (COMO SAL SODICA) | C72: 500 mg + 500 mg | D72: 1.8 mL | E72: INYECTABLE | F72: =IFERROR(VLOOKUP(A72,TblDisponibilidad[],23,FALSE),"No Manejado") -> No Manejado
... A74: 01841 | B74: CIPROFLOXACINO (COMO CLORHIDRATO)(SOLUCION OFTALMICA) | C74: 3 mg/mL (0.3 %) | D74: 20 mL | E74: SOLUCION | F74: =IFERROR(VLOOKUP(A74,TblDisponibilidad[],23,FALSE),"No Manejado") -> No Manejado
A75: 01837 | B75: CIPROFLOXACINO (COMO LACTATO) | C75: 200 mg/100 mL | E75: INYECTABLE | F75: =IFERROR(VLOOKUP(A75,TblDisponibilidad[],23,FALSE),"No Manejado") -> No Manejado
A76: 01930 | B76: CLARITROMICINA | C76: 500 mg | D76: 10 mL | E76: TABLETA | F76: =IFERROR(VLOOKUP(A76,TblDisponibilidad[],23,FALSE),"No Manejado") -> No Manejado
A77: 01964 | B77: CLINDAMICINA (COMO CLORHIDRATO) | C77: 300 mg | D77: 1 L | E77: TABLETA | F77: =IFERROR(VLOOKUP(A77,TblDisponibilidad[],23,FALSE),"No Manejado") -> No Manejado
A78: 01958 | B78: CLINDAMICINA (COMO FOSFATO) | C78: 600 mg | E78: INYECTABLE | F78: =IFERROR(VLOOKUP(A78,TblDisponibilidad[],23,FALSE),"No Manejado") -> No Manejado
A79: 02004 | B79: CLONAZEPAM | C79: 2 mg | E79: TABLETA | F79: =IFERROR(VLOOKUP(A79,TblDisponibilidad[],23,FALSE),"No Manejado") -> No Manejado
A80: 02003 | B80: CLONAZEPAM | C80: 500 µg (0.5 mg) | E80: TABLETA | F80: =IFERROR(VLOOKUP(A80,TblDisponibilidad[],23,FALSE),"No Manejado") -> No Manejado
A81: 02128 | B81: CLORFENAMINA MALEATO | C81: 10 mg/mL | D81: 2 mL | E81: INYECTABLE | F81: =IFERROR(VLOOKUP(A81,TblDisponibilidad[],23,FALSE),"No Manejado") -> No Manejado
A82: 02132 | B82: CLORFENAMINA MALEATO | C82: 2 mg/5 mL | E82: JARABE | F82: =IFERROR(VLOOKUP(A82,TblDisponibilidad[],23,FALSE),"No Manejado") -> No Manejado
A83: 02149 | B83: CLORFENAMINA MALEATO | C83: 4 mg | E83: TABLETA | F83: =IFERROR(VLOOKUP(A83,TblDisponibilidad[],23,FALSE),"No Manejado") -> No Manejado
A84: 02188 | B84: CLORHEXIDINA | C84: 4 g/100 mL | D84: 8 mL | E84: SOLUCION | F84: =IFERROR(VLOOKUP(A84,TblDisponibilidad[],23,FALSE),"No Manejado") -> No Manejado
A85: 02269 | B85: CLORURO DE SUXAMETONIO | C85: 50 mg/mL | E85: INYECTABLE | F85: =IFERROR(VLOOKUP(A85,TblDisponibilidad[],23,FALSE),"No Manejado") -> No Manejado
A86: 02319 | B86: CLOTRIMAZOL | C86: 1 g/100 g (1 %) | D86: 2 mL | E86: CREMA | F86: =IFERROR(VLOOKUP(A86,TblDisponibilidad[],23,FALSE),"No Manejado") -> No Manejado
A87: 02309 | B87: CLOTRIMAZOL | C87: 1 g/100 mL (1 %) | D87: 2 mL | E87: SOLUCION | F87: =IFERROR(VLOOKUP(A87,TblDisponibilidad[],23,FALSE),"No Manejado") -> No Manejado
A88: 02354 | B88: CLOTRIMAZOL | C88: 500 mg | D88: 120 mL | E88: OVULO | F88: =IFERROR(VLOOKUP(A88,TblDisponibilidad[],23,FALSE),"No Manejado") -> No Manejado
A89: 02381 | B89: CODEINA FOSFATO | C89: 30 mg/mL | D89: 100 mL | E89: INYECTABLE | F89: =IFERROR(VLOOKUP(A89,TblDisponibilidad[],23,FALSE),"No Manejado") -> No Manejado
A90: 28613 | B90: COLISTINA | C90: 150 mg/ 2mL | D90: 5 mL | E90: INYECTABLE | F90: =IFERROR(VLOOKUP(A90,TblDisponibilidad[],23,FALSE),"No Manejado") -> No Manejado
A91: 38459 | B91: COLISTINA (COMO COLISTIMETATO DE SODIO) | C91: 150 mg | D91: 10 mL | E91: INYECTABLE | F91: =IFERROR(VLOOKUP(A91,TblDisponibilidad[],23,FALSE),"No Manejado") -> No Manejado
A92: 02554 | B92: DANAZOL | C92: 200 mg | E92: TABLETA | F92: =IFERROR(VLOOKUP(A92,TblDisponibilidad[],23,FALSE),"No Manejado") -> No Manejado
A93: 02654 | B93: DEXAMETASONA | C93: 500 µg (0.5 mg) | D93: 1 mL | E93: TABLETA | F93: =IFERROR(VLOOKUP(A93,TblDisponibilidad[],23,FALSE),"No Manejado") -> No Manejado
A94: 02642 | B94: DEXAMETASONA FOSFATO (COMO SAL SODICA) | C94: 4 mg/2 mL | E94: INYECTABLE | F94: =IFERROR(VLOOKUP(A94,TblDisponibilidad[],23,FALSE),"No Manejado") -> No Manejado
A95: 02724 | B95: DEXTROMETORFANO BROMHIDRATO | C95: 15 mg/5 mL | E95: JARABE | F95: =IFERROR(VLOOKUP(A95,TblDisponibilidad[],23,FALSE),"No Manejado") -> No Manejado
A96: 03783 | B96: DEXTROSA | C96: 10 g/100 mL (10 %) | D96: 5 mL | E96: INYECTABLE | F96: =IFERROR(VLOOKUP(A96,TblDisponibilidad[],23,FALSE),"No Manejado") -> No Manejado
A97: 03787 | B97: DEXTROSA | C97: 333 mg/mL (33 %) | D97: 4 mL | E97: INYECTABLE | F97: =IFERROR(VLOOKUP(A97,TblDisponibilidad[],23,FALSE),"No Manejado") -> No Manejado
A98: 03789 | B98: DEXTROSA | C98: 5 g/100 mL (5 %) | E98: INYECTABLE | F98: =IFERROR(VLOOKUP(A98,TblDisponibilidad[],23,FALSE),"No Manejado") -> No Manejado
A99: 03788 | B99: DEXTROSA | C99: 5 g/100 mL (5 %) | E99: INYECTABLE | F99: =IFERROR(VLOOKUP(A99,TblDisponibilidad[],23,FALSE),"No Manejado") -> No Manejado
A100: 03796 | B100: DEXTROSA | C100: 50 g/100 mL (50 %) | D100: 4 mL | E100: INYECTABLE | F100: =IFERROR(VLOOKUP(A100,TblDisponibilidad[],23,FALSE),"No Manejado") -> No Manejado
A101: 02754 | B101: DIAZEPAM | C101: 10 mg | E101: TABLETA | F101: =IFERROR(VLOOKUP(A101,TblDisponibilidad[],23,FALSE),"No Manejado") -> No Manejado
...

Sheet Esenciales
A1: LISTA DE MEDICAMENTOS ESENCIALES | E1: % de disponibilidad de medicamentos esenciales | F1: =((COUNTIF(F3:F219,"SOBRE STOCK"))+(COUNTIF(F3:F219,"NORMO STOCK")))/(COUNTIF(F3:F219,"<>solid")-(COUNTIF(F3:F219,"No Rota"))-(COUNTIF(F3:F219,"No Manejado"))) -> #DIV/0!
A2: SISMED | B2: DESCRIPCION DEL MEDICAMENTOS | C2: CONCENTRACION | D2: PRESENTACION | E2: FORMA FARMACEUTICA | F2: ESTADO
A3: 00143 | B3: ACICLOVIR | C3: 200 mg | E3: TABLETA | F3: =IFERROR(VLOOKUP(A3,TblDisponibilidad[],23,FALSE),"No Manejado") -> No Manejado
A4: 00132 | B4: ACICLOVIR (COMO SAL SODICA) | C4: 250 mg | D4: 10 mL | E4: INYECTABLE | F4: =IFERROR(VLOOKUP(A4,TblDisponibilidad[],23,FALSE),"No Manejado") -> No Manejado
A5: 00091 | B5: ACIDO ACETILSALICILICO | C5: 100 mg | E5: TABLETA | F5: =IFERROR(VLOOKUP(A5,TblDisponibilidad[],23,FALSE),"No Manejado") -> No Manejado
A6: 00356 | B6: ACIDO ALENDRONICO (COMO ALENDRONATO SODICO) | C6: 70 mg | E6: TABLETA | F6: =IFERROR(VLOOKUP(A6,TblDisponibilidad[],23,FALSE),"No Manejado") -> No Manejado
A7: 00200 | B7: ACIDO FOLICO | C7: 500 æg (0.5 mg) | E7: TABLETA | F7: =IFERROR(VLOOKUP(A7,TblDisponibilidad[],23,FALSE),"No Manejado") -> No Manejado
A8: 03513 | B8: ACIDO FOLICO + FERROSO SULFATO (Equiv. de Hierro elemental) | C8: 400 æg + 60 mg Fe | E8: TABLETA | F8: =IFERROR(VLOOKUP(A8,TblDisponibilidad[],23,FALSE),"No Manejado") -> No Manejado
A9: 00223 | B9: ACIDO TRANEXAMICO | C9: 1 g | D9: 10 mL | E9: INYECTABLE | F9: =IFERROR(VLOOKUP(A9,TblDisponibilidad[],23,FALSE),"No Manejado") -> No Manejado
A10: 08013 | B10: AGUA PARA INYECCION | D10: 1 L | E10: INYECTABLE | F10: =IFERROR(VLOOKUP(A10,TblDisponibilidad[],23,FALSE),"No Manejado") -> No Manejado
A11: 00259 | B11: ALBENDAZOL | C11: 100 mg/5 mL | D11: 20 mL | E11: SUSPENSION | F11: =IFERROR(VLOOKUP(A11,TblDisponibilidad[],23,FALSE),"No Manejado") -> No Manejado
A12: 00269 | B12: ALBENDAZOL | C12: 200 mg | E12: TABLETA | F12: =IFERROR(VLOOKUP(A12,TblDisponibilidad[],23,FALSE),"No Manejado") -> No Manejado
A13: 18091 | B13: ALUMINIO HIDROXIDO + MAGNESIO HIDROXIDO | C13: 400 + 400 mg/5 mL | D13: 150 mL | E13: SUSPENSION | F13: =IFERROR(VLOOKUP(A13,TblDisponibilidad[],23,FALSE),"No Manejado") -> No Manejado
A14: 00620 | B14: AMFOTERICINA B | C14: 50 mg | D14: 10 mL | E14: INYECTABLE | F14: =IFERROR(VLOOKUP(A14,TblDisponibilidad[],23,FALSE),"No Manejado") -> No Manejado
A15: 00625 | B15: AMIKACINA (COMO SULFATO) | C15: 100 mg | D15: 2 mL | E15: INYECTABLE | F15: =IFERROR(VLOOKUP(A15,TblDisponibilidad[],23,FALSE),"No Manejado") -> No Manejado
A16: 00662 | B16: AMINOFILINA | C16: 25 mg/mL | D16: 10 mL | E16: INYECTABLE | F16: =IFERROR(VLOOKUP(A16,TblDisponibilidad[],23,FALSE),"No Manejado") -> No Manejado
A17: 00664 | B17: AMIODARONA CLORHIDRATO | C17: 200 mg | E17: TABLETA | F17: =IFERROR(VLOOKUP(A17,TblDisponibilidad[],23,FALSE),"No Manejado") -> No Manejado
A18: 00671 | B18: AMLODIPINO (COMO BESILATO) | C18: 10 mg | E18: TABLETA | F18: =IFERROR(VLOOKUP(A18,TblDisponibilidad[],23,FALSE),"No Manejado") -> No Manejado
A19: 00794 | B19: AMOXICILINA | C19: 250 mg/5 mL | D19: 60 mL | E19: SUSPENSION | F19: =IFERROR(VLOOKUP(A19,TblDisponibilidad[],23,FALSE),"No Manejado") -> No Manejado
A20: 00808 | B20: AMOXICILINA | C20: 500 mg | E20: TABLETA | F20: =IFERROR(VLOOKUP(A20,TblDisponibilidad[],23,FALSE),"No Manejado") -> No Manejado
A21: 00725 | B21: AMOXICILINA + ACIDO CLAVULANICO (COMO SAL POTASICA) | C21: 250 mg + 62.5 mg/5 mL | D21: 60 mL | E21: SUSPENSION | F21: =IFERROR(VLOOKUP(A21,TblDisponibilidad[],23,FALSE),"No Manejado") -> No Manejado
A22: 00750 | B22: AMOXICILINA + ACIDO CLAVULANICO (COMO SAL POTASICA) | C22: 500 mg + 125 mg | E22: TABLETA | F22: =IFERROR(VLOOKUP(A22,TblDisponibilidad[],23,FALSE),"No Manejado") -> No Manejado
A23: 00822 | B23: AMPICILINA (COMO SAL SODICA) + SULBACTAM (COMO SAL SODICA) | C23: 1 g + 500 mg | E23: INYECTABLE | F23: =IFERROR(VLOOKUP(A23,TblDisponibilidad[],23,FALSE),"No Manejado") -> No Manejado
A24: 00830 | B24: AMPICILINA SODICA | C24: 1 g | E24: INYECTABLE | F24: =IFERROR(VLOOKUP(A24,TblDisponibilidad[],23,FALSE),"No Manejado") -> No Manejado
A25: 00900 | B25: ATENOLOL | C25: 100 mg | E25: TABLETA | F25: =IFERROR(VLOOKUP(A25,TblDisponibilidad[],23,FALSE),"No Manejado") -> No Manejado
A26: 00903 | B26: ATORVASTATINA (COMO SAL CALCICA) | C26: 20 mg | E26: TABLETA | F26: =IFERROR(VLOOKUP(A26,TblDisponibilidad[],23,FALSE),"No Manejado") -> No Manejado
A27: 00909 | B27: ATROPINA SULFATO | C27: 500 æg/mL (0.5 mg/mL) | D27: 1 mL | E27: INYECTABLE | F27: =IFERROR(VLOOKUP(A27,TblDisponibilidad[],23,FALSE),"No Manejado") -> No Manejado
A28: 00939 | B28: AZITROMICINA | C28: 200 mg/5 mL | D28: 60 mL | E28: SUSPENSION | F28: =IFERROR(VLOOKUP(A28,TblDisponibilidad[],23,FALSE),"No Manejado") -> No Manejado
A29: 00947 | B29: AZITROMICINA | C29: 500 mg | E29: TABLETA | F29: =IFERROR(VLOOKUP(A29,TblDisponibilidad[],23,FALSE),"No Manejado") -> No Manejado
A30: 01009 | B30: BECLOMETASONA DIPROPIONATO | C30: 250 æg/DOSIS | D30: 200 DOSIS | E30: AEROSOL | F30: =IFERROR(VLOOKUP(A30,TblDisponibilidad[],23,FALSE),"No Manejado") -> No Manejado
A31: 01032 | B31: BENCILPENICILINA SODICA | C31: 1000000 UI | E31: INYECTABLE | F31: =IFERROR(VLOOKUP(A31,TblDisponibilidad[],23,FALSE),"No Manejado") -> No Manejado
A32: 01043 | B32: BENZATINA BENCILPENICILINA | C32: 1200000 UI | E32: INYECTABLE | F32: =IFERROR(VLOOKUP(A32,TblDisponibilidad[],23,FALSE),"No Manejado") -> No Manejado
A33: 18048 | B33: BENZATINA BENCILPENICILINA CON DILUYENTE | C33: 2400000 UI | E33: INYECTABLE | F33: =IFERROR(VLOOKUP(A33,TblDisponibilidad[],23,FALSE),"No Manejado") -> No Manejado
A34: 01053 | B34: BENZOATO DE BENCILO | C34: 25 g/100 mL (25 %) | D34: 120 mL | E34: LOCION | F34: =IFERROR(VLOOKUP(A34,TblDisponibilidad[],23,FALSE),"No Manejado") -> No Manejado
A35: 01205 | B35: BETAMETASONA (COMO DIPROPIONATO) | C35: 50 mg/100 g (0.05 %) | D35: 20 g | E35: CREMA | F35: =IFERROR(VLOOKUP(A35,TblDisponibilidad[],23,FALSE),"No Manejado") -> No Manejado
A36: 01213 | B36: BETAMETASONA (COMO FOSFATO SODICO) | C36: 4 mg/mL | D36: 1 mL | E36: INYECTABLE | F36: =IFERROR(VLOOKUP(A36,TblDisponibilidad[],23,FALSE),"No Manejado") -> No Manejado
A37: 01323 | B37: BROMOCRIPTINA (COMO MESILATO) | C37: 2.5 mg | E37: TABLETA | F37: =IFERROR(VLOOKUP(A37,TblDisponibilidad[],23,FALSE),"No Manejado") -> No Manejado
A38: 01344 | B38: BROMURO DE ROCURONIO | C38: 10 mg/mL | D38: 5 mL | E38: INYECTABLE | F38: =IFERROR(VLOOKUP(A38,TblDisponibilidad[],23,FALSE),"No Manejado") -> No Manejado
A39: 01346 | B39: BROMURO DE VECURONIO | C39: 4 mg/mL | D39: 1 mL | E39: INYECTABLE | F39: =IFERROR(VLOOKUP(A39,TblDisponibilidad[],23,FALSE),"No Manejado") -> No Manejado
A40: 01378 | B40: BUPIVACAINA CLORHIDRATO (SIN PRESERVANTES) | C40: 5 mg/mL (0.5 %) | D40: 20 mL | E40: INYECTABLE | F40: =IFERROR(VLOOKUP(A40,TblDisponibilidad[],23,FALSE),"No Manejado") -> No Manejado
A41: 19239 | B41: BUPIVACAINA CLORHIDRATO + DEXTROSA | C41: 20 mg + 320 mg | D41: 4 mL | E41: INYECTABLE | F41: =IFERROR(VLOOKUP(A41,TblDisponibilidad[],23,FALSE),"No Manejado") -> No Manejado
A42: 01391 | B42: CABERGOLINA | C42: 500 æg (0.5 mg) | E42: TABLETA | F42: =IFERROR(VLOOKUP(A42,TblDisponibilidad[],23,FALSE),"No Manejado") -> No Manejado
A43: 20635 | B43: CALCIO CARBONATO | C43: 1.25 g (Equiv. a 500 mg de Calcio) | E43: TABLETA | F43: =IFERROR(VLOOKUP(A43,TblDisponibilidad[],23,FALSE),"No Manejado") -> No Manejado
A44: 01467 | B44: CALCIO GLUCONATO | C44: 100 mg/mL (Equiv. a 8.4 mg/mL de Calc | D44: 10 mL | E44: INYECTABLE | F44: =IFERROR(VLOOKUP(A44,TblDisponibilidad[],23,FALSE),"No Manejado") -> No Manejado
A45: 01522 | B45: CAPTOPRIL | C45: 25 mg | E45: TABLETA | F45: =IFERROR(VLOOKUP(A45,TblDisponibilidad[],23,FALSE),"No Manejado") -> No Manejado
A46: 01532 | B46: CARBAMAZEPINA | C46: 200 mg | E46: TABLETA | F46: =IFERROR(VLOOKUP(A46,TblDisponibilidad[],23,FALSE),"No Manejado") -> No Manejado
A47: 01628 | B47: CEFALEXINA | C47: 250 mg/5 mL | D47: 60 mL | E47: SUSPENSION | F47: =IFERROR(VLOOKUP(A47,TblDisponibilidad[],23,FALSE),"No Manejado") -> No Manejado
A48: 01636 | B48: CEFALEXINA | C48: 500 mg | E48: TABLETA | F48: =IFERROR(VLOOKUP(A48,TblDisponibilidad[],23,FALSE),"No Manejado") -> No Manejado
A49: 01639 | B49: CEFAZOLINA (COMO SAL SODICA) | C49: 1 g | E49: INYECTABLE | F49: =IFERROR(VLOOKUP(A49,TblDisponibilidad[],23,FALSE),"No Manejado") -> No Manejado
A50: 01657 | B50: CEFOTAXIMA (COMO SAL SODICA) | C50: 500 mg | E50: INYECTABLE | F50: =IFERROR(VLOOKUP(A50,TblDisponibilidad[],23,FALSE),"No Manejado") -> No Manejado
A51: 01682 | B51: CEFTAZIDIMA | C51: 1 g | E51: INYECTABLE | F51: =IFERROR(VLOOKUP(A51,TblDisponibilidad[],23,FALSE),"No Manejado") -> No Manejado
A52: 01684 | B52: CEFTRIAXONA SODICA | C52: 1 g | E52: INYECTABLE | F52: =IFERROR(VLOOKUP(A52,TblDisponibilidad[],23,FALSE),"No Manejado") -> No Manejado
A53: 01705 | B53: CEFUROXIMA (COMO AXETIL) | C53: 250 mg/5 mL | D53: 50 mL | E53: SUSPENSION | F53: =IFERROR(VLOOKUP(A53,TblDisponibilidad[],23,FALSE),"No Manejado") -> No Manejado
A54: 01711 | B54: CEFUROXIMA (COMO AXETIL) | C54: 500 mg | E54: TABLETA | F54: =IFERROR(VLOOKUP(A54,TblDisponibilidad[],23,FALSE),"No Manejado") -> No Manejado
A55: 01800 | B55: CILASTATINA + IMIPENEM (COMO SAL SODICA) | C55: 500 mg + 500 mg | E55: INYECTABLE | F55: =IFERROR(VLOOKUP(A55,TblDisponibilidad[],23,FALSE),"No Manejado") -> No Manejado
A56: 01846 | B56: CIPROFLOXACINO (COMO CLORHIDRATO) | C56: 500 mg | E56: TABLETA | F56: =IFERROR(VLOOKUP(A56,TblDisponibilidad[],23,FALSE),"No Manejado") -> No Manejado
A57: 01841 | B57: CIPROFLOXACINO (COMO CLORHIDRATO)(SOLUCION OFTALMICA) | C57: 3 mg/mL (0.3 %) | D57: 5 mL | E57: SOLUCION | F57: =IFERROR(VLOOKUP(A57,TblDisponibilidad[],23,FALSE),"No Manejado") -> No Manejado
A58: 01837 | B58: CIPROFLOXACINO (COMO LACTATO) | C58: 200 mg | D58: 100 mL | E58: INYECTABLE | F58: =IFERROR(VLOOKUP(A58,TblDisponibilidad[],23,FALSE),"No Manejado") -> No Manejado
A59: 01930 | B59: CLARITROMICINA | C59: 500 mg | E59: TABLETA | F59: =IFERROR(VLOOKUP(A59,TblDisponibilidad[],23,FALSE),"No Manejado") -> No Manejado
A60: 01964 | B60: CLINDAMICINA (COMO CLORHIDRATO) | C60: 300 mg | E60: TABLETA | F60: =IFERROR(VLOOKUP(A60,TblDisponibilidad[],23,FALSE),"No Manejado") -> No Manejado
A61: 01958 | B61: CLINDAMICINA (COMO FOSFATO) | C61: 600 mg | D61: 4 mL | E61: INYECTABLE | F61: =IFERROR(VLOOKUP(A61,TblDisponibilidad[],23,FALSE),"No Manejado") -> No Manejado
A62: 02003 | B62: CLONAZEPAM | C62: 500 æg (0.5 mg) | E62: TABLETA | F62: =IFERROR(VLOOKUP(A62,TblDisponibilidad[],23,FALSE),"No Manejado") -> No Manejado
A63: 02031 | B63: CLORANFENICOL (COMO SUCCINATO SODICO) | C63: 1 g | E63: INYECTABLE | F63: =IFERROR(VLOOKUP(A63,TblDisponibilidad[],23,FALSE),"No Manejado") -> No Manejado
A64: 02128 | B64: CLORFENAMINA MALEATO | C64: 10 mg/mL | D64: 1 mL | E64: INYECTABLE | F64: =IFERROR(VLOOKUP(A64,TblDisponibilidad[],23,FALSE),"No Manejado") -> No Manejado
A65: 02132 | B65: CLORFENAMINA MALEATO | C65: 2 mg/5 mL | D65: 120 mL | E65: JARABE | F65: =IFERROR(VLOOKUP(A65,TblDisponibilidad[],23,FALSE),"No Manejado") -> No Manejado
A66: 02149 | B66: CLORFENAMINA MALEATO | C66: 4 mg | E66: TABLETA | F66: =IFERROR(VLOOKUP(A66,TblDisponibilidad[],23,FALSE),"No Manejado") -> No Manejado
A67: 02269 | B67: CLORURO DE SUXAMETONIO | C67: 50 mg/mL | D67: 10 mL | E67: INYECTABLE | F67: =IFERROR(VLOOKUP(A67,TblDisponibilidad[],23,FALSE),"No Manejado") -> No Manejado
A68: 02319 | B68: CLOTRIMAZOL | C68: 1 g/100 g (1 %) | D68: 20 g | E68: CREMA | F68: =IFERROR(VLOOKUP(A68,TblDisponibilidad[],23,FALSE),"No Manejado") -> No Manejado
A69: 02354 | B69: CLOTRIMAZOL | C69: 500 mg | E69: OVULO | F69: =IFERROR(VLOOKUP(A69,TblDisponibilidad[],23,FALSE),"No Manejado") -> No Manejado
A70: 02654 | B70: DEXAMETASONA | C70: 500 æg (0.5 mg) | E70: TABLETA | F70: =IFERROR(VLOOKUP(A70,TblDisponibilidad[],23,FALSE),"No Manejado") -> No Manejado
A71: 02657 | B71: DEXAMETASONA | C71: 4 mg | E71: TABLETA | F71: =IFERROR(VLOOKUP(A71,TblDisponibilidad[],23,FALSE),"No Manejado") -> No Manejado
A72: 02642 | B72: DEXAMETASONA FOSFATO (COMO SAL SODICA) | C72: 4 mg/2 mL | D72: 2 mL | E72: INYECTABLE | F72: =IFERROR(VLOOKUP(A72,TblDisponibilidad[],23,FALSE),"No Manejado") -> No Manejado
A73: 02724 | B73: DEXTROMETORFANO BROMHIDRATO | C73: 15 mg/5 mL | D73: 120 mL | E73: JARABE | F73: =IFERROR(VLOOKUP(A73,TblDisponibilidad[],23,FALSE),"No Manejado") -> No Manejado
A74: 03783 | B74: DEXTROSA | C74: 10 g/100 mL (10 %) | D74: 1 L | E74: INYECTABLE | F74: =IFERROR(VLOOKUP(A74,TblDisponibilidad[],23,FALSE),"No Manejado") -> No Manejado
A75: 03787 | B75: DEXTROSA | C75: 333 mg/mL (33 %) | D75: 20 mL | E75: INYECTABLE | F75: =IFERROR(VLOOKUP(A75,TblDisponibilidad[],23,FALSE),"No Manejado") -> No Manejado
A76: 03788 | B76: DEXTROSA | C76: 5 g/100 mL (5 %) | D76: 100 mL | E76: INYECTABLE | F76: =IFERROR(VLOOKUP(A76,TblDisponibilidad[],23,FALSE),"No Manejado") -> No Manejado
A77: 03789 | B77: DEXTROSA | C77: 5 g/100 mL (5 %) | D77: 1 L | E77: INYECTABLE | F77: =IFERROR(VLOOKUP(A77,TblDisponibilidad[],23,FALSE),"No Manejado") -> No Manejado
A78: 03796 | B78: DEXTROSA | C78: 50 g/100 mL (50 %) | D78: 1 L | E78: INYECTABLE | F78: =IFERROR(VLOOKUP(A78,TblDisponibilidad[],23,FALSE),"No Manejado") -> No Manejado
A79: 02752 | B79: DIAZEPAM | C79: 5 mg/mL | D79: 2 mL | E79: INYECTABLE | F79: =IFERROR(VLOOKUP(A79,TblDisponibilidad[],23,FALSE),"No Manejado") -> No Manejado
A80: 02754 | B80: DIAZEPAM | C80: 10 mg | E80: TABLETA | F80: =IFERROR(VLOOKUP(A80,TblDisponibilidad[],23,FALSE),"No Manejado") -> No Manejado
A81: 02788 | B81: DICLOFENACO SODICO | C81: 25 mg/mL | D81: 3 mL | E81: INYECTABLE | F81: =IFERROR(VLOOKUP(A81,TblDisponibilidad[],23,FALSE),"No Manejado") -> No Manejado
A82: 02830 | B82: DICLOXACILINA (COMO SAL SODICA) | C82: 250 mg/5 mL | D82: 60 mL | E82: SUSPENSION | F82: =IFERROR(VLOOKUP(A82,TblDisponibilidad[],23,FALSE),"No Manejado") -> No Manejado
A83: 02836 | B83: DICLOXACILINA (COMO SAL SODICA) | C83: 500 mg | E83: TABLETA | F83: =IFERROR(VLOOKUP(A83,TblDisponibilidad[],23,FALSE),"No Manejado") -> No Manejado
A84: 02862 | B84: DIGOXINA | C84: 250 æg (0.25 mg) | E84: TABLETA | F84: =IFERROR(VLOOKUP(A84,TblDisponibilidad[],23,FALSE),"No Manejado") -> No Manejado
A85: 02884 | B85: DIMENHIDRINATO | C85: 50 mg | D85: 5 mL | E85: INYECTABLE | F85: =IFERROR(VLOOKUP(A85,TblDisponibilidad[],23,FALSE),"No Manejado") -> No Manejado
A86: 02891 | B86: DIMENHIDRINATO | C86: 50 mg | E86: TABLETA | F86: =IFERROR(VLOOKUP(A86,TblDisponibilidad[],23,FALSE),"No Manejado") -> No Manejado
A87: 02954 | B87: DINITRATO DE ISOSORBIDA | C87: 5 mg | E87: TABLETA | F87: =IFERROR(VLOOKUP(A87,TblDisponibilidad[],23,FALSE),"No Manejado") -> No Manejado
A88: 02979 | B88: DOBUTAMINA (COMO CLORHIDRATO) | C88: 250 mg/20 mL | D88: 20 mL | E88: INYECTABLE | F88: =IFERROR(VLOOKUP(A88,TblDisponibilidad[],23,FALSE),"No Manejado") -> No Manejado
A89: 03010 | B89: DOPAMINA CLORHIDRATO | C89: 40 mg/mL | D89: 5 mL | E89: INYECTABLE | F89: =IFERROR(VLOOKUP(A89,TblDisponibilidad[],23,FALSE),"No Manejado") -> No Manejado
A90: 03018 | B90: DOXICICLINA | C90: 100 mg | E90: TABLETA | F90: =IFERROR(VLOOKUP(A90,TblDisponibilidad[],23,FALSE),"No Manejado") -> No Manejado
A91: 03078 | B91: ENALAPRIL MALEATO | C91: 10 mg | E91: TABLETA | F91: =IFERROR(VLOOKUP(A91,TblDisponibilidad[],23,FALSE),"No Manejado") -> No Manejado
A92: 03080 | B92: ENALAPRIL MALEATO | C92: 20 mg | E92: TABLETA | F92: =IFERROR(VLOOKUP(A92,TblDisponibilidad[],23,FALSE),"No Manejado") -> No Manejado
A93: 03086 | B93: ENOXAPARINA SODICA | C93: 40 mg/0.4 mL | D93: 0.4 mL | E93: INYECTABLE | F93: =IFERROR(VLOOKUP(A93,TblDisponibilidad[],23,FALSE),"No Manejado") -> No Manejado
A94: 03088 | B94: ENOXAPARINA SODICA | C94: 60 mg/0.6 mL | D94: 0.6 mL | E94: INYECTABLE | F94: =IFERROR(VLOOKUP(A94,TblDisponibilidad[],23,FALSE),"No Manejado") -> No Manejado
A95: 03097 | B95: EPINEFRINA (COMO CLORHIDRATO O TARTRATO) | C95: 1 mg/mL | D95: 1 mL | E95: INYECTABLE | F95: =IFERROR(VLOOKUP(A95,TblDisponibilidad[],23,FALSE),"No Manejado") -> No Manejado
A96: 03139 | B96: ERGOMETRINA MALEATO | C96: 200 æg/mL (0.2 mg/mL) | D96: 1 mL | E96: INYECTABLE | F96: =IFERROR(VLOOKUP(A96,TblDisponibilidad[],23,FALSE),"No Manejado") -> No Manejado
A97: 03182 | B97: ERITROMICINA (COMO ESTEARATO O ETILSUCCINATO) | C97: 250 mg/5 mL | D97: 60 mL | E97: SUSPENSION | F97: =IFERROR(VLOOKUP(A97,TblDisponibilidad[],23,FALSE),"No Manejado") -> No Manejado
A98: 03191 | B98: ERITROMICINA (COMO ESTEARATO O ETILSUCCINATO) | C98: 500 mg | E98: TABLETA | F98: =IFERROR(VLOOKUP(A98,TblDisponibilidad[],23,FALSE),"No Manejado") -> No Manejado
A99: 03213 | B99: ESCOPOLAMINA N-BUTILBROMURO | C99: 20 mg/mL | D99: 1 mL | E99: INYECTABLE | F99: =IFERROR(VLOOKUP(A99,TblDisponibilidad[],23,FALSE),"No Manejado") -> No Manejado
A100: 03215 | B100: ESCOPOLAMINA N-BUTILBROMURO | C100: 10 mg | E100: TABLETA | F100: =IFERROR(VLOOKUP(A100,TblDisponibilidad[],23,FALSE),"No Manejado") -> No Manejado
...

Sheet RESUMEN
B2: ="NIVEL DE ABASTECIMIENTO AL "&MID(#REF!,10,10) -> #REF!
B3: % General | E3: % Esenciales
B4: Disponibilidad | C4: =Disponibilidad!T2 -> #DIV/0! | E4: Disponibilidad | F4: =Esenciales!F1 -> #DIV/0!
B5: DESABASTECIDO | C5: =(COUNTIF(TblDisponibilidad[Estado],"DESABASTECIDO")) / ((COUNTIF(TblDisponibilidad[Estado],"DESABASTECIDO"))+(COUNTIF(TblDisponibilidad[Estado],"SUB STOCK"))+(COUNTIF(TblDisponibilidad[Estado],"NORMO STOCK"))+(COUNTIF(TblDisponibilidad[Estado],"SOBRE STOCK"))) -> #DIV/0! | E5: DESABASTECIDO | F5: =(COUNTIF(Esenciales!F4:F500,"DESABASTECIDO")) / ((COUNTIF(Esenciales!F4:F500,"DESABASTECIDO"))+(COUNTIF(Esenciales!F4:F500,"SUB STOCK"))+(COUNTIF(Esenciales!F4:F500,"NORMO STOCK"))+(COUNTIF(Esenciales!F4:F500,"SOBRE STOCK"))) -> #DIV/0!
B6: SUB STOCK | C6: =(COUNTIF(TblDisponibilidad[Estado],"SUB STOCK")) / ((COUNTIF(TblDisponibilidad[Estado],"DESABASTECIDO"))+(COUNTIF(TblDisponibilidad[Estado],"SUB STOCK"))+(COUNTIF(TblDisponibilidad[Estado],"NORMO STOCK"))+(COUNTIF(TblDisponibilidad[Estado],"SOBRE STOCK"))) -> #DIV/0! | E6: SUB STOCK | F6: =(COUNTIF(Esenciales!F4:F500,"SUB STOCK")) / ((COUNTIF(Esenciales!F4:F500,"DESABASTECIDO"))+(COUNTIF(Esenciales!F4:F500,"SUB STOCK"))+(COUNTIF(Esenciales!F4:F500,"NORMO STOCK"))+(COUNTIF(Esenciales!F4:F500,"SOBRE STOCK"))) -> #DIV/0!
B7: NORMO STOCK | C7: =(COUNTIF(TblDisponibilidad[Estado],"NORMO STOCK")) / ((COUNTIF(TblDisponibilidad[Estado],"DESABASTECIDO"))+(COUNTIF(TblDisponibilidad[Estado],"SUB STOCK"))+(COUNTIF(TblDisponibilidad[Estado],"NORMO STOCK"))+(COUNTIF(TblDisponibilidad[Estado],"SOBRE STOCK"))) -> #DIV/0! | E7: NORMO STOCK | F7: =(COUNTIF(Esenciales!F4:F500,"NORMO STOCK")) / ((COUNTIF(Esenciales!F4:F500,"DESABASTECIDO"))+(COUNTIF(Esenciales!F4:F500,"SUB STOCK"))+(COUNTIF(Esenciales!F4:F500,"NORMO STOCK"))+(COUNTIF(Esenciales!F4:F500,"SOBRE STOCK"))) -> #DIV/0!
B8: SOBRE STOCK | C8: =(COUNTIF(TblDisponibilidad[Estado],"SOBRE STOCK")) / ((COUNTIF(TblDisponibilidad[Estado],"DESABASTECIDO"))+(COUNTIF(TblDisponibilidad[Estado],"SUB STOCK"))+(COUNTIF(TblDisponibilidad[Estado],"NORMO STOCK"))+(COUNTIF(TblDisponibilidad[Estado],"SOBRE STOCK"))) -> #DIV/0! | E8: SOBRE STOCK | F8: =(COUNTIF(Esenciales!F4:F500,"SOBRE STOCK")) / ((COUNTIF(Esenciales!F4:F500,"DESABASTECIDO"))+(COUNTIF(Esenciales!F4:F500,"SUB STOCK"))+(COUNTIF(Esenciales!F4:F500,"NORMO STOCK"))+(COUNTIF(Esenciales!F4:F500,"SOBRE STOCK"))) -> #DIV/0!
B10: % Medicamentos | E10: % Material Médico
B11: Disponibilidad | C11: =Medicamentos!F2 -> 0.64133739 | E11: Disponibilidad | F11: ='Material Medico'!F2 -> 0.60649819
B12: DESABASTECIDO | C12: =(COUNTIF(Medicamentos!F4:F500,"DESABASTECIDO")) / ((COUNTIF(Medicamentos!F4:F500,"DESABASTECIDO"))+(COUNTIF(Medicamentos!F4:F500,"SUB STOCK"))+(COUNTIF(Medicamentos!F4:F500,"NORMO STOCK"))+(COUNTIF(Medicamentos!F4:F500,"SOBRE STOCK"))) -> 0.11854103 | E12: DESABASTECIDO | F12: =(COUNTIF('Material Medico'!F4:F478,"DESABASTECIDO")) / ((COUNTIF('Material Medico'!F4:F478,"DESABASTECIDO"))+(COUNTIF('Material Medico'!F4:F478,"SUB STOCK"))+(COUNTIF('Material Medico'!F4:F478,"NORMO STOCK"))+(COUNTIF('Material Medico'!F4:F478,"SOBRE STOCK"))) -> 0.14079422
B13: SUB STOCK | C13: =(COUNTIF(Medicamentos!F4:F500,"SUB STOCK")) / ((COUNTIF(Medicamentos!F4:F500,"DESABASTECIDO"))+(COUNTIF(Medicamentos!F4:F500,"SUB STOCK"))+(COUNTIF(Medicamentos!F4:F500,"NORMO STOCK"))+(COUNTIF(Medicamentos!F4:F500,"SOBRE STOCK"))) -> 0.24012158 | E13: SUB STOCK | F13: =(COUNTIF('Material Medico'!F4:F478,"SUB STOCK")) / ((COUNTIF('Material Medico'!F4:F478,"DESABASTECIDO"))+(COUNTIF('Material Medico'!F4:F478,"SUB STOCK"))+(COUNTIF('Material Medico'!F4:F478,"NORMO STOCK"))+(COUNTIF('Material Medico'!F4:F478,"SOBRE STOCK"))) -> 0.25270758
B14: NORMO STOCK | C14: =(COUNTIF(Medicamentos!F4:F500,"NORMO STOCK")) / ((COUNTIF(Medicamentos!F4:F500,"DESABASTECIDO"))+(COUNTIF(Medicamentos!F4:F500,"SUB STOCK"))+(COUNTIF(Medicamentos!F4:F500,"NORMO STOCK"))+(COUNTIF(Medicamentos!F4:F500,"SOBRE STOCK"))) -> 0.31914894 | E14: NORMO STOCK | F14: =(COUNTIF('Material Medico'!F4:F478,"NORMO STOCK")) / ((COUNTIF('Material Medico'!F4:F478,"DESABASTECIDO"))+(COUNTIF('Material Medico'!F4:F478,"SUB STOCK"))+(COUNTIF('Material Medico'!F4:F478,"NORMO STOCK"))+(COUNTIF('Material Medico'!F4:F478,"SOBRE STOCK"))) -> 0.28880866
B15: SOBRE STOCK | C15: =(COUNTIF(Medicamentos!F4:F500,"SOBRE STOCK")) / ((COUNTIF(Medicamentos!F4:F500,"DESABASTECIDO"))+(COUNTIF(Medicamentos!F4:F500,"SUB STOCK"))+(COUNTIF(Medicamentos!F4:F500,"NORMO STOCK"))+(COUNTIF(Medicamentos!F4:F500,"SOBRE STOCK"))) -> 0.32218845 | E15: SOBRE STOCK | F15: =(COUNTIF('Material Medico'!F4:F478,"SOBRE STOCK")) / ((COUNTIF('Material Medico'!F4:F478,"DESABASTECIDO"))+(COUNTIF('Material Medico'!F4:F478,"SUB STOCK"))+(COUNTIF('Material Medico'!F4:F478,"NORMO STOCK"))+(COUNTIF('Material Medico'!F4:F478,"SOBRE STOCK"))) -> 0.31768953
B22: Fuente: Almacén de Farmacia
